pair,partnership_runs
AB de Villiers & V Kohli,3029
CH Gayle & V Kohli,2635
DA Warner & S Dhawan,2242
F du Plessis & V Kohli,1958
G Gambhir & RV Uthappa,1795
Ishan Kishan & RG Sharma,1769
KL Rahul & MA Agarwal,1664
CH Gayle & KL Rahul,1573
JC Buttler & SV Samson,1564
MS Dhoni & RA Jadeja,1506
MS Dhoni & SK Raina,1427
PP Shaw & S Dhawan,1423
DA Warner & JM Bairstow,1336
RR Pant & SS Iyer,1312
M Vijay & MEK Hussey,1302
KA Pollard & RG Sharma,1293
BB McCullum & DR Smith,1277
Q de Kock & RG Sharma,1217
DP Conway & RD Gaikwad,1156
JC Buttler & YBK Jaiswal,1133
MEK Hussey & SK Raina,1129
AT Rayudu & RG Sharma,1121
AM Rahane & SR Watson,1118
B Sai Sudharsan & Shubman Gill,1090
AM Rahane & R Dravid,1086
Shubman Gill & WP Saha,1070
F du Plessis & SK Raina,1013
MK Pandey & RV Uthappa,989
AT Rayudu & KA Pollard,984
Ishan Kishan & SA Yadav,937
BB McCullum & SK Raina,922
AM Rahane & SV Samson,920
G Gambhir & JH Kallis,915
D Padikkal & V Kohli,891
AC Gilchrist & HH Gibbs,866
G Gambhir & V Sehwag,866
CH Gayle & TM Dilshan,863
KL Rahul & Q de Kock,854
F du Plessis & RD Gaikwad,851
KS Williamson & S Dhawan,850
DA Warner & MK Pandey,850
HH Pandya & KA Pollard,846
S Dhawan & SS Iyer,840
F du Plessis & SR Watson,815
LMP Simmons & PA Patel,798
SV Samson & YBK Jaiswal,793
DJ Bravo & MS Dhoni,781
S Badrinath & SK Raina,780
G Gambhir & MK Pandey,776
AT Rayudu & MS Dhoni,775
DA Warner & PP Shaw,740
AT Rayudu & SR Watson,736
DJ Hooda & KL Rahul,735
R Dravid & SR Watson,721
DA Warner & V Sehwag,719
RG Sharma & SA Yadav,718
DR Smith & SK Raina,709
AM Rahane & SPD Smith,707
SA Yadav & Tilak Varma,702
CA Lynn & SP Narine,693
KK Nair & SV Samson,690
M Vijay & SK Raina,690
N Rana & Shubman Gill,673
Abhishek Sharma & TM Head,669
SR Tendulkar & ST Jayasuriya,667
DA Warner & NV Ojha,661
AD Russell & KD Karthik,654
MK Pandey & YK Pathan,650
MS Dhoni & S Badrinath,641
DA Warner & MC Henriques,637
CH Gayle & MA Agarwal,633
F du Plessis & GJ Maxwell,630
KL Rahul & MP Stoinis,622
AC Gilchrist & SE Marsh,617
D Padikkal & JC Buttler,617
JH Kallis & MK Pandey,613
AB de Villiers & TM Dilshan,589
AT Rayudu & SR Tendulkar,585
PA Patel & V Kohli,583
F du Plessis & MS Dhoni,577
AJ Finch & RV Uthappa,577
DA Miller & GJ Maxwell,574
A Symonds & RG Sharma,572
KD Karthik & SK Raina,566
KL Rahul & V Kohli,559
PP Shaw & SS Iyer,543
CL White & S Dhawan,539
KA Pollard & KH Pandya,533
Q de Kock & SA Yadav,523
AT Rayudu & SK Raina,522
AC Gilchrist & PC Valthaty,519
DPMD Jayawardene & V Sehwag,518
SK Raina & SR Watson,517
KL Rahul & N Pooran,515
PD Salt & SP Narine,508
BB McCullum & G Gambhir,508
CA Lynn & RV Uthappa,507
E Lewis & SA Yadav,500
AM Rahane & RA Tripathi,498
JH Kallis & RV Uthappa,497
HH Pandya & Shubman Gill,489
G Gambhir & S Dhawan,487
DR Smith & SR Tendulkar,485
Shubman Gill & VR Iyer,483
SPD Smith & SV Samson,480
N Rana & VR Iyer,477
KS Williamson & MK Pandey,459
ML Hayden & SK Raina,457
AT Rayudu & RD Gaikwad,457
GC Smith & SA Asnodkar,457
AM Rahane & JC Buttler,454
AB de Villiers & CH Gayle,453
A Badoni & N Pooran,452
PA Patel & S Dhawan,451
JA Morkel & MS Dhoni,450
Abhishek Sharma & KS Williamson,450
N Rana & RV Uthappa,447
M Vijay & ML Hayden,446
ML Hayden & PA Patel,445
JH Kallis & MS Bisla,445
BA Stokes & SV Samson,443
Abhishek Sharma & RA Tripathi,441
KD Karthik & RG Sharma,440
AK Markram & H Klaasen,440
R Parag & SV Samson,440
ML Hayden & MS Dhoni,435
RG Sharma & SR Tendulkar,434
SS Iyer & VR Iyer,432
AT Rayudu & SS Tiwary,428
G Gambhir & MK Tiwary,427
RA Tripathi & SPD Smith,426
KD Karthik & N Rana,425
DR Smith & KD Karthik,421
RD Gaikwad & S Dube,421
AC Gilchrist & VVS Laxman,420
DA Miller & R Tewatia,418
JM Bairstow & S Dhawan,414
AM Rahane & KK Nair,412
DA Miller & WP Saha,410
AJ Finch & D Padikkal,408
GJ Maxwell & WP Saha,408
JH Kallis & YK Pathan,405
JC Buttler & SPD Smith,405
RM Patidar & V Kohli,404
KD Karthik & Shubman Gill,403
DPMD Jayawardene & Yuvraj Singh,401
HH Pandya & RG Sharma,400
TH David & Tilak Varma,399
HH Pandya & KH Pandya,395
KC Sangakkara & Yuvraj Singh,395
G Gambhir & MS Bisla,394
AB de Villiers & Mandeep Singh,394
Ishan Kishan & Q de Kock,394
DA Warner & MR Marsh,393
AK Markram & RA Tripathi,392
MEK Hussey & MS Dhoni,390
F du Plessis & MM Ali,386
PBB Rajapaksa & S Dhawan,383
AB de Villiers & KD Karthik,383
SR Watson & STR Binny,382
JH Kallis & R Dravid,382
GC Smith & YK Pathan,381
RG Sharma & TL Suman,379
JC Buttler & PA Patel,379
AD Russell & N Rana,379
N Rana & RK Singh,376
LMP Simmons & RG Sharma,370
AJ Finch & SK Raina,368
Shakib Al Hasan & YK Pathan,367
AD Russell & YK Pathan,365
CJ Anderson & RG Sharma,361
M Vohra & WP Saha,361
DJ Bravo & RA Jadeja,359
MJ Lumb & NV Ojha,358
AT Rayudu & RA Jadeja,356
DA Miller & HH Pandya,356
MP Stoinis & N Pooran,355
AB de Villiers & PA Patel,354
JP Duminy & SS Iyer,352
HH Gibbs & RG Sharma,351
S Dhawan & SR Tendulkar,351
LMP Simmons & MEK Hussey,350
A Symonds & HH Gibbs,349
RR Pant & S Dhawan,348
N Rana & SS Iyer,348
C Green & SA Yadav,346
DA Warner & WP Saha,344
KL Rahul & KR Mayers,344
MEK Hussey & S Badrinath,344
DPMD Jayawardene & KC Sangakkara,343
GJ Maxwell & V Kohli,343
CH Gayle & SC Ganguly,343
DJ Hussey & SC Ganguly,343
MK Pandey & V Shankar,342
G Gambhir & YK Pathan,341
DA Miller & GJ Bailey,340
M Vijay & M Vohra,335
AD Russell & RK Singh,335
SA Yadav & YK Pathan,334
BB McCullum & SC Ganguly,333
HH Pandya & Ishan Kishan,332
A Raghuvanshi & SP Narine,329
KC Sangakkara & S Dhawan,329
AD Russell & Shubman Gill,327
RA Jadeja & S Dube,325
AK Markram & Abhishek Sharma,323
JH Kallis & V Kohli,322
KP Pietersen & V Sehwag,322
LS Livingstone & S Dhawan,319
CL White & KC Sangakkara,319
SR Watson & SV Samson,317
JC Buttler & N Rana,317
DJ Mitchell & RD Gaikwad,316
B Sai Sudharsan & DA Miller,316
AT Rayudu & KD Karthik,313
BB McCullum & DPMD Jayawardene,312
F du Plessis & RM Patidar,311
Shubman Gill & V Shankar,311
AM Rahane & RD Gaikwad,309
CA Lynn & G Gambhir,309
JC Buttler & SO Hetmyer,308
DA Warner & KS Williamson,308
RA Tripathi & Shubman Gill,305
PC Valthaty & SE Marsh,304
P Simran Singh & S Dhawan,302
RR Pant & SV Samson,301
RR Pant & T Stubbs,300
AK Markram & N Pooran,299
Mandeep Singh & SE Marsh,299
RA Jadeja & SK Raina,293
MK Tiwary & YK Pathan,292
Ishan Kishan & KA Pollard,292
JM Sharma & LS Livingstone,291
DJ Hussey & SE Marsh,290
AM Rahane & DP Conway,290
AB de Villiers & Yuvraj Singh,289
DA Miller & Shubman Gill,288
NV Ojha & S Dhawan,285
GJ Maxwell & HM Amla,285
AT Rayudu & LMP Simmons,284
AB de Villiers & SS Tiwary,284
PA Patel & SK Raina,282
JA Morkel & SK Raina,282
Abishek Porel & J Fraser-McGurk,281
KH Pandya & SA Yadav,277
DR Smith & F du Plessis,277
GC Smith & SR Watson,276
DP Conway & S Dube,276
DA Miller & SE Marsh,275
CH Gayle & Mandeep Singh,273
MC Henriques & S Dhawan,271
Harbhajan Singh & KA Pollard,270
CA Lynn & N Rana,269
AM Rahane & BJ Hodge,268
KD Karthik & SE Marsh,268
JM Bairstow & KS Williamson,268
JP Duminy & KM Jadhav,266
MP Stoinis & RR Pant,266
AJ Finch & S Dhawan,263
MA Agarwal & S Dhawan,262
D Padikkal & YBK Jaiswal,262
JM Sharma & SM Curran,261
N Rana & RA Tripathi,261
MM Ali & RD Gaikwad,260
JM Bairstow & MK Pandey,260
PP Shaw & RR Pant,260
C Green & V Kohli,259
S Dube & SV Samson,258
DJ Hooda & Q de Kock,258
AM Nayar & DJ Bravo,258
E Lewis & RG Sharma,256
KK Nair & Q de Kock,256
IK Pathan & KC Sangakkara,255
A Symonds & TL Suman,255
EJG Morgan & JH Kallis,255
DA Warner & UBT Chand,255
AR Patel & RR Pant,255
AD Russell & RV Uthappa,254
KD Karthik & MK Lomror,254
N Wadhera & SA Yadav,253
RN ten Doeschate & YK Pathan,252
V Kohli & Yuvraj Singh,252
DA Warner & G Gambhir,251
AJ Finch & KL Rahul,250
JR Hopes & SE Marsh,250
MS Dhoni & SPD Smith,249
DA Warner & V Shankar,249
M Vohra & V Sehwag,248
R Parag & SO Hetmyer,248
CH Gayle & SS Tiwary,248
BA Stokes & SPD Smith,246
AJ Finch & BB McCullum,246
SS Tiwary & V Kohli,246
KC Sangakkara & SE Marsh,245
JH Kallis & MK Tiwary,245
Atharva Taide & P Simran Singh,244
E Lewis & YBK Jaiswal,243
LA Pomersbach & SE Marsh,243
KH Pandya & RG Sharma,243
HH Pandya & WP Saha,242
Mandeep Singh & V Kohli,242
Q de Kock & SV Samson,241
CA Lynn & Shubman Gill,241
JM Bairstow & RR Rossouw,240
AJ Finch & DA Warner,240
KD Karthik & Shahbaz Ahmed,239
DB Ravi Teja & Y Venugopal Rao,239
MK Tiwary & MS Dhoni,238
F du Plessis & S Badrinath,238
C Green & Ishan Kishan,237
TM Dilshan & V Sehwag,237
DB Ravi Teja & S Dhawan,236
CA Lynn & KD Karthik,236
RV Uthappa & SP Narine,236
HH Pandya & Tilak Varma,234
MK Pandey & Shakib Al Hasan,234
HM Amla & SE Marsh,233
DA Miller & DJ Hussey,233
EJG Morgan & Shubman Gill,232
BJ Hodge & RA Jadeja,231
AM Rahane & OA Shah,231
KD Karthik & V Kohli,231
DT Christian & JP Duminy,231
GC Smith & NV Ojha,230
AT Rayudu & F du Plessis,230
DPMD Jayawardene & IK Pathan,230
R Ravindra & RD Gaikwad,229
EJG Morgan & RA Tripathi,229
DA Miller & Mandeep Singh,229
Dhruv Jurel & SO Hetmyer,227
MK Pandey & Yuvraj Singh,227
AR Patel & WP Saha,227
S Dhawan & S Sohal,226
M Vijay & S Badrinath,225
AM Rahane & S Dube,225
HH Pandya & SA Yadav,223
AR Patel & DA Miller,222
AL Menaria & OA Shah,221
KK Nair & KL Rahul,221
AJ Finch & KD Karthik,220
RR Pant & SO Hetmyer,220
V Kohli & WG Jacks,220
RV Uthappa & Yuvraj Singh,219
SE Marsh & Yuvraj Singh,219
AB de Villiers & GJ Maxwell,218
AB de Villiers & MM Ali,217
PA Patel & RG Sharma,216
MP Stoinis & S Dhawan,215
JC Buttler & RG Sharma,215
P Simran Singh & SM Curran,215
DR Smith & Ishan Kishan,215
G Gambhir & SP Narine,215
JP Duminy & SR Tendulkar,214
BJ Hodge & SC Ganguly,214
C Green & RG Sharma,214
RG Sharma & Y Venugopal Rao,213
MC Henriques & V Kohli,213
A Badoni & KH Pandya,213
BJ Hodge & JP Faulkner,212
JD Ryder & MK Pandey,212
DR Smith & RG Sharma,212
KK Nair & RR Pant,212
RD Gaikwad & RV Uthappa,211
JA Morkel & S Badrinath,210
KC Sangakkara & S Sohal,210
H Klaasen & Nithish Kumar Reddy,209
JP Faulkner & SPD Smith,208
R Ashwin & SO Hetmyer,208
KH Pandya & N Pooran,207
JM Bairstow & P Simran Singh,207
DJ Bravo & SK Raina,206
MK Pandey & WP Saha,206
KS Williamson & Shakib Al Hasan,206
KH Pandya & KL Rahul,206
MA Agarwal & SS Iyer,203
M Vijay & Q de Kock,202
RA Tripathi & VR Iyer,202
SR Tendulkar & SS Tiwary,202
Rahmanullah Gurbaz & VR Iyer,202
AB de Villiers & S Dube,201
KL Rahul & Mandeep Singh,200
Q de Kock & V Kohli,199
SV Samson & SW Billings,199
AM Rahane & STR Binny,198
D Padikkal & SV Samson,198
AC Gilchrist & Mandeep Singh,197
GJ Maxwell & N Pooran,196
JH Kallis & LRPL Taylor,195
AM Nayar & SR Tendulkar,194
DJ Hussey & Gurkeerat Singh,194
RA Jadeja & RD Gaikwad,194
A Manohar & HH Pandya,194
DPMD Jayawardene & SE Marsh,194
Abdul Samad & H Klaasen,193
G Gambhir & TM Dilshan,193
KK Nair & SS Iyer,193
EJG Morgan & KD Karthik,192
AC Blizzard & SR Tendulkar,192
M Vijay & WP Saha,192
AD Mathews & MK Tiwary,191
KD Karthik & RA Jadeja,191
AC Gilchrist & RG Sharma,191
DA Miller & V Shankar,189
R Ashwin & R Parag,189
KH Pandya & Q de Kock,188
BA Stokes & JC Buttler,187
Anuj Rawat & F du Plessis,187
M Vohra & SE Marsh,187
JP Duminy & KD Karthik,186
BA Stokes & RV Uthappa,186
AR Patel & T Stubbs,186
Anuj Rawat & V Kohli,185
RM Patidar & WG Jacks,184
MR Marsh & PD Salt,184
GJ Maxwell & KS Bharat,184
N Rana & SP Narine,184
Azhar Mahmood & SE Marsh,184
R Tewatia & Rashid Khan,183
AD Russell & SW Billings,183
BB McCullum & F du Plessis,183
AD Hales & S Dhawan,183
DA Warner & MC Juneja,182
RV Uthappa & YK Pathan,182
DA Warner & RR Pant,181
AT Rayudu & PA Patel,181
N Wadhera & Tilak Varma,181
AB de Villiers & MP Stoinis,180
DJ Hooda & Yuvraj Singh,180
AM Nayar & JP Duminy,180
MJ Guptill & WP Saha,180
DA Warner & Y Venugopal Rao,180
LRPL Taylor & V Kohli,180
RV Uthappa & Shakib Al Hasan,178
S Dhawan & SPD Smith,178
KH Pandya & MP Stoinis,177
JM Sharma & S Dhawan,177
GJ Maxwell & RR Pant,177
SO Hetmyer & SV Samson,176
G Gambhir & SA Yadav,176
LS Livingstone & SM Curran,175
F du Plessis & M Vijay,175
B Sai Sudharsan & WP Saha,174
AD Russell & VR Iyer,174
MK Pandey & SA Yadav,174
R Dravid & V Kohli,173
MS Bisla & RS Bopara,173
IK Pathan & RS Bopara,173
DJ Hooda & KH Pandya,173
JD Ryder & RV Uthappa,172
Lalit Yadav & RR Pant,172
RS Bopara & Yuvraj Singh,172
JD Ryder & SC Ganguly,172
KD Karthik & SR Tendulkar,171
AM Rahane & VR Iyer,171
J Botha & LRPL Taylor,171
DJ Hussey & Mandeep Singh,171
RK Singh & VR Iyer,170
ML Hayden & S Badrinath,170
MEK Hussey & WP Saha,170
DA Miller & R Sathish,170
RR Pant & V Shankar,170
SE Marsh & WP Saha,170
A Badoni & MP Stoinis,169
DP Conway & MM Ali,169
BJ Hodge & MN van Wyk,168
DA Miller & KL Rahul,168
RK Singh & SN Thakur,167
Ishan Kishan & Tilak Varma,167
AB de Villiers & D Padikkal,167
MC Henriques & Yuvraj Singh,166
EJG Morgan & PJ Cummins,166
D Brevis & RG Sharma,166
AM Rahane & S Dhawan,166
F du Plessis & RA Jadeja,165
RV Uthappa & ST Jayasuriya,165
PA Patel & SP Fleming,164
S Dhawan & WP Saha,164
DA Warner & KL Rahul,164
DJ Hussey & SK Raina,163
SR Watson & V Kohli,163
AM Rahane & UT Khawaja,163
KS Williamson & YK Pathan,163
AT Rayudu & S Dube,163
JEC Franklin & SR Tendulkar,163
BB McCullum & BJ Hodge,163
KS Williamson & V Shankar,162
MM Ali & V Kohli,162
DJ Bravo & JA Morkel,162
B Sai Sudharsan & HH Pandya,161
AM Rahane & SS Tiwary,161
DA Warner & PD Collingwood,160
DJ Jacobs & SR Tendulkar,160
AC Gilchrist & TL Suman,160
MS Wade & Shubman Gill,159
Dhruv Jurel & SV Samson,159
F du Plessis & KD Karthik,159
MK Lomror & V Kohli,158
AB de Villiers & V Sehwag,158
SS Iyer & SW Billings,158
JA Morkel & M Vijay,157
KD Karthik & KP Pietersen,157
AB de Villiers & G Gambhir,157
JP Duminy & SS Tiwary,157
Dhruv Jurel & R Parag,156
AT Rayudu & MM Ali,156
NV Ojha & SR Watson,156
EJG Morgan & G Gambhir,156
A Badoni & KL Rahul,156
CL White & DT Christian,156
M Vijay & MP Stoinis,155
BJ Hodge & STR Binny,155
KL Rahul & MK Pandey,155
AB de Villiers & Q de Kock,155
DA Warner & DPMD Jayawardene,155
EJG Morgan & NV Ojha,154
BB McCullum & RA Jadeja,154
KP Pietersen & R Dravid,154
DA Warner & PD Salt,153
CA Pujara & SC Ganguly,153
RV Uthappa & S Dube,153
MS Dhoni & R Ashwin,153
MR Marsh & RR Pant,153
JP Duminy & Yuvraj Singh,153
BB McCullum & DJ Hussey,153
DJ Bravo & RV Uthappa,152
JC Buttler & R Parag,152
H Klaasen & RA Tripathi,152
KP Pietersen & RV Uthappa,152
MA Agarwal & V Kohli,152
KC Sangakkara & RS Bopara,151
S Dhawan & Yuvraj Singh,151
GH Vihari & S Dhawan,151
DPMD Jayawardene & NV Ojha,151
DJ Hussey & WP Saha,151
RR Sarwan & SE Marsh,151
JM Sharma & M Shahrukh Khan,151
HM Amla & WP Saha,150
M Vohra & Mandeep Singh,150
DJ Harris & S Dhawan,150
KA Pollard & SA Yadav,149
JR Hopes & Y Venugopal Rao,149
V Sehwag & WP Saha,149
DA Warner & R Powell,149
DA Miller & V Sehwag,149
RA Jadeja & YK Pathan,149
Abishek Porel & SD Hope,149
BJ Hodge & PA Patel,148
CA Pujara & GJ Maxwell,148
HM Amla & M Vijay,147
D Brevis & Ishan Kishan,147
F du Plessis & SPD Smith,147
AR Patel & GJ Bailey,147
AM Rahane & F du Plessis,147
SPD Smith & STR Binny,145
DA Warner & Lalit Yadav,145
CA Pujara & CH Gayle,145
R Tewatia & SV Samson,144
HM Amla & M Vohra,144
Mandeep Singh & N Saini,144
G Gambhir & M Manhas,143
HC Brook & MA Agarwal,143
DJ Hooda & MP Stoinis,142
Harbhajan Singh & RG Sharma,142
G Gambhir & KD Karthik,142
Anuj Rawat & KD Karthik,142
D Padikkal & GJ Maxwell,141
EJG Morgan & MS Bisla,141
Ashutosh Sharma & Shashank Singh,141
NV Ojha & YK Pathan,141
GJ Maxwell & V Sehwag,141
IK Pathan & PP Chawla,141
TM Dilshan & V Kohli,141
EJG Morgan & MK Tiwary,140
DA Miller & M Vohra,140
KS Williamson & Yuvraj Singh,139
BA Stokes & MS Dhoni,139
KP Pietersen & LRPL Taylor,139
MS Dhoni & S Dube,139
GJ Maxwell & RM Patidar,139
AB de Villiers & MC Henriques,139
Gurkeerat Singh & SO Hetmyer,138
AT Rayudu & CJ Anderson,138
MK Pandey & R Dravid,138
AM Rahane & MS Dhoni,137
KD Karthik & M Manhas,137
Y Nagar & Y Venugopal Rao,137
R Dravid & STR Binny,137
JH Kallis & SP Goswami,136
M Vijay & MS Dhoni,136
JJ Roy & KS Williamson,136
Q de Kock & RR Pant,136
MS Dhoni & NLTC Perera,135
JC Buttler & RA Tripathi,135
RV Uthappa & SPD Smith,135
AM Rahane & JP Duminy,135
DJ Bravo & SR Tendulkar,135
LRPL Taylor & R Dravid,135
KK Nair & SR Watson,135
GJ Bailey & MG Johnson,134
KA Pollard & SR Tendulkar,134
AR Patel & MP Stoinis,134
CH Gayle & PA Patel,134
Azhar Mahmood & Mandeep Singh,133
MM Ali & S Dube,133
JP Duminy & MK Tiwary,133
SR Watson & YK Pathan,132
F du Plessis & KP Pietersen,132
JM Sharma & Shashank Singh,132
H Klaasen & Shahbaz Ahmed,132
MA Agarwal & Vivrant Sharma,131
DA Miller & M Vijay,131
BB McCullum & JH Kallis,131
N Pooran & RA Tripathi,131
KP Pietersen & MA Agarwal,131
DA Warner & DJ Hooda,130
JD Ryder & SPD Smith,130
IK Pathan & Y Nagar,130
KD Karthik & TM Dilshan,130
GJ Maxwell & SE Marsh,129
B Chipli & JP Duminy,129
RV Uthappa & Shubman Gill,129
RA Jadeja & SM Curran,129
IK Pathan & SE Marsh,129
K Goel & RS Bopara,129
SO Hetmyer & SS Iyer,129
RK Singh & SS Iyer,128
KA Pollard & LMP Simmons,128
GJ Bailey & R Dhawan,128
S Dhawan & V Sehwag,128
MK Lomror & SV Samson,127
R Powell & RR Pant,127
M Kaif & SR Watson,127
RA Tripathi & SV Samson,127
KM Jadhav & TM Head,127
AJ Finch & RA Jadeja,127
AB de Villiers & Sachin Baby,127
JC Buttler & R Ashwin,127
R Parag & YBK Jaiswal,126
BA Stokes & MK Tiwary,126
SA Yadav & Shakib Al Hasan,126
AC Gilchrist & Azhar Mahmood,126
A Manohar & DA Miller,126
KA Pollard & N Rana,126
MM Ali & RA Jadeja,125
DA Warner & Yuvraj Singh,125
SS Iyer & SV Samson,125
MA Agarwal & Yuvraj Singh,125
B Chipli & KC Sangakkara,125
BJ Hodge & J Botha,125
C de Grandhomme & Mandeep Singh,124
LRPL Taylor & W Jaffer,124
AD Russell & EJG Morgan,124
MK Lomror & RM Patidar,124
AD Mathews & OA Shah,123
Atharva Taide & LS Livingstone,123
M Vijay & SR Watson,123
BJ Hodge & DH Yagnik,123
CA Pujara & V Sehwag,123
D Brevis & Tilak Varma,123
RG Sharma & Tilak Varma,123
HH Pandya & SS Tiwary,123
LS Livingstone & M Shahrukh Khan,123
S Sohal & SM Katich,122
JEC Franklin & KD Karthik,122
Abhishek Sharma & PK Garg,122
LRPL Taylor & V Sehwag,122
RG Sharma & SB Styris,120
C Green & RM Patidar,120
IK Pathan & V Sehwag,120
F du Plessis & KM Jadhav,120
S Rana & Yuvraj Singh,119
AT Rayudu & JEC Franklin,119
P Dogra & YK Pathan,119
CJ Anderson & KA Pollard,118
R Tewatia & Shubman Gill,117
EJG Morgan & N Rana,117
J Botha & R Dravid,117
RV Uthappa & SV Samson,117
AD Mathews & SPD Smith,117
AB de Villiers & KM Jadhav,117
MV Boucher & V Kohli,116
CH Morris & CJ Anderson,116
R Ashwin & YBK Jaiswal,116
DJ Hooda & MC Henriques,116
AD Mathews & MR Marsh,116
M Shahrukh Khan & SM Curran,116
BJ Hodge & MK Tiwary,115
KA Pollard & Tilak Varma,115
KK Nair & SW Billings,115
HH Pandya & Q de Kock,115
BA Stokes & RA Tripathi,115
AR Patel & DA Warner,115
IK Pathan & Yuvraj Singh,115
MJ Clarke & SC Ganguly,115
AB de Villiers & STR Binny,115
AM Rahane & DJM Short,115
A Badoni & DJ Hooda,115
MP Stoinis & Q de Kock,114
R Dravid & SP Goswami,114
KM Jadhav & RA Jadeja,114
KC Sangakkara & PA Patel,114
Harbhajan Singh & SR Tendulkar,114
BB McCullum & MS Dhoni,113
AD Mathews & JP Duminy,113
LRPL Taylor & RV Uthappa,113
MS Dhoni & P Negi,113
PD Salt & RR Rossouw,113
CA Pujara & V Kohli,112
Q de Kock & SS Iyer,112
Nithish Kumar Reddy & TM Head,112
AJ Finch & Yuvraj Singh,112
H Klaasen & TM Head,112
JH Kallis & MV Boucher,112
TM Head & V Kohli,112
MK Tiwary & SPD Smith,112
DB Ravi Teja & DT Christian,112
JP Duminy & KC Sangakkara,112
SP Narine & Shubman Gill,111
RK Singh & Rahmanullah Gurbaz,111
KS Williamson & PK Garg,111
KP Pietersen & V Kohli,111
JO Holder & KS Williamson,110
DJ Mitchell & MM Ali,110
MP Stoinis & WP Saha,110
CL White & PA Patel,110
M Kaif & YK Pathan,109
AJ Finch & SS Iyer,109
AD Hales & KS Williamson,109
KL Rahul & SN Khan,109
KD Karthik & M Vijay,109
AM Rahane & R Ravindra,108
N Rana & PA Patel,108
CH Morris & JP Duminy,108
JD Ryder & M Manhas,108
KM Jadhav & MS Dhoni,108
RT Ponting & SR Tendulkar,108
B Sai Sudharsan & V Shankar,108
SC Ganguly & Salman Butt,108
RR Pant & SPD Smith,108
SA Yadav & TH David,108
PD Salt & SS Iyer,108
CL White & JP Duminy,108
D Padikkal & JR Philippe,108
RA Jadeja & S Badrinath,107
AR Patel & MK Pandey,107
BB McCullum & M Klinger,107
S Dube & V Kohli,107
BB McCullum & Ishan Kishan,107
RG Sharma & VVS Laxman,107
D Padikkal & R Parag,107
MN Samuels & RV Uthappa,107
FY Fazal & NV Ojha,106
MA Agarwal & N Pooran,106
V Kohli & Washington Sundar,106
DJ Hussey & MS Dhoni,106
AD Russell & SS Iyer,106
M Vijay & SE Marsh,106
RA Jadeja & SK Warne,105
AR Patel & Lalit Yadav,105
BB McCullum & V Kohli,105
C Munro & SS Iyer,105
AD Russell & Shakib Al Hasan,104
JP Duminy & LRPL Taylor,104
MS Dhoni & SW Billings,104
BB McCullum & CH Gayle,104
R Tewatia & RR Pant,104
KA Pollard & SS Tiwary,104
Abhishek Sharma & HC Brook,103
CA Ingram & S Dhawan,103
DPMD Jayawardene & LRPL Taylor,103
Abhishek Sharma & V Shankar,103
JP Duminy & KA Pollard,103
AB de Villiers & MA Starc,103
SM Curran & Sikandar Raza,103
AT Rayudu & Harbhajan Singh,103
A Symonds & Y Venugopal Rao,103
MV Boucher & R Dravid,102
CA Ingram & RR Pant,102
LMP Simmons & UBT Chand,102
AM Rahane & N Rana,102
J Fraser-McGurk & PP Shaw,102
AL Menaria & R Dravid,101
EJG Morgan & YK Pathan,101
SA Asnodkar & YK Pathan,101
DJ Mitchell & S Dube,101
MK Tiwary & SC Ganguly,100
JJ Roy & N Rana,100
HR Shokeen & Tilak Varma,100
CH Gayle & SN Khan,100
DA Miller & Rashid Khan,100
R Tewatia & V Shankar,99
KD Karthik & SP Narine,99
TR Birt & V Sehwag,99
M Manhas & SPD Smith,99
AK Markram & Washington Sundar,99
JP Duminy & Q de Kock,99
AM Rahane & DJ Hooda,99
Abhishek Sharma & MA Agarwal,99
Azhar Mahmood & Gurkeerat Singh,99
R Parag & SPD Smith,99
AR Patel & Kuldeep Yadav,99
SA Yadav & SS Tiwary,98
Naman Dhir & Tilak Varma,98
H Klaasen & HC Brook,98
AL Menaria & BJ Hodge,98
SS Tiwary & TM Dilshan,98
Harbhajan Singh & J Suchith,98
M Vijay & V Sehwag,97
AP Majumdar & RV Uthappa,97
AD Mathews & RV Uthappa,97
CL White & NLTC Perera,97
CL White & R Dravid,97
RG Sharma & UBT Chand,97
NV Ojha & Y Venugopal Rao,96
B Kumar & Rashid Khan,96
JJ Roy & VR Iyer,96
JP Duminy & SV Samson,96
CL White & GH Vihari,96
F du Plessis & Shahbaz Ahmed,96
BJ Rohrer & DPMD Jayawardene,96
SA Yadav & Vishnu Vinod,95
MK Pandey & SC Ganguly,95
JC Archer & R Tewatia,95
E Lewis & Ishan Kishan,95
PP Chawla & YK Pathan,95
HH Pandya & TH David,95
MM Ali & SK Raina,95
AT Rayudu & KH Pandya,94
C Green & TH David,94
JD Ryder & JH Kallis,94
CH Gayle & MK Tiwary,94
RV Uthappa & SC Ganguly,94
Mandeep Singh & V Sehwag,94
MM Ali & RV Uthappa,94
IK Pathan & JR Hopes,94
JD Unadkat & SA Yadav,94
KL Rahul & P Simran Singh,94
KS Bharat & V Kohli,94
AL Menaria & SR Watson,93
DJ Hooda & KR Mayers,93
B Sai Sudharsan & M Shahrukh Khan,93
MK Tiwary & Shakib Al Hasan,93
KR Mayers & Q de Kock,93
Abishek Porel & PP Shaw,93
KH Pandya & MJ Guptill,93
AD Russell & SP Narine,93
AM Nayar & RV Uthappa,93
AM Rahane & DJ Mitchell,93
RR Pant & SE Rutherford,93
CH Gayle & KK Nair,93
JP Duminy & PA Patel,92
KD Karthik & MK Tiwary,92
R Sathish & SR Tendulkar,92
S Dhawan & SO Hetmyer,92
Ishan Kishan & SK Raina,92
H Klaasen & MA Agarwal,92
AB de Villiers & KL Rahul,92
MD Mishra & RG Sharma,92
JEC Franklin & KA Pollard,92
JC Buttler & KA Pollard,92
MK Pandey & PK Garg,91
MK Pandey & Mohammad Nabi,91
MN Samuels & SPD Smith,91
Ishan Kishan & KD Karthik,91
AM Nayar & Harbhajan Singh,91
FY Fazal & YK Pathan,91
DA Miller & M Shahrukh Khan,91
RR Pant & SN Khan,91
RG Sharma & SS Tiwary,91
Abdul Samad & Shahbaz Ahmed,90
JA Morkel & PA Patel,90
SC Ganguly & Yashpal Singh,90
AS Joseph & KA Pollard,90
AJ Finch & MK Pandey,90
HH Gibbs & VVS Laxman,90
MK Tiwary & SS Iyer,90
AM Rahane & J Botha,90
JEC Franklin & RG Sharma,89
JR Hopes & K Goel,89
C de Grandhomme & MK Pandey,89
MM Ali & MS Dhoni,89
SM Katich & Yuvraj Singh,89
AM Rahane & LS Livingstone,89
KS Williamson & WP Saha,89
KS Williamson & RA Tripathi,89
PA Patel & S Vidyut,89
SC Ganguly & WP Saha,89
DJ Bravo & SR Watson,89
KM Jadhav & SS Tiwary,88
DJ Bravo & JP Duminy,88
MP Stoinis & V Kohli,88
GJ Bailey & GJ Maxwell,88
BJ Hodge & DPMD Jayawardene,88
DA Warner & KD Karthik,88
AJ Finch & Y Venugopal Rao,88
RV Uthappa & SA Yadav,88
DJ Bravo & M Vijay,87
F du Plessis & MEK Hussey,87
BB McCullum & Q de Kock,87
AD Mathews & Yuvraj Singh,87
MA Agarwal & TM Head,87
CH Morris & K Rabada,87
DJM Short & JC Buttler,87
RA Jadeja & SR Watson,86
R Parag & R Tewatia,86
AB de Villiers & MA Agarwal,86
Harpreet Singh & SM Curran,86
AB de Villiers & KA Jamieson,86
RR Rossouw & Shashank Singh,86
KD Karthik & RM Patidar,86
GJ Bailey & PA Patel,86
LA Carseldine & RA Jadeja,85
EJG Morgan & S Dhawan,85
AP Tare & SR Tendulkar,85
MA Agarwal & TM Dilshan,85
STR Binny & SV Samson,85
DPMD Jayawardene & SM Katich,85
AB Agarkar & LR Shukla,85
DJ Hussey & PP Chawla,85
AK Markram & KL Rahul,85
EJG Morgan & MC Henriques,85
RA Jadeja & RJ Quiney,85
DJ Hooda & JP Faulkner,85
DPMD Jayawardene & Y Venugopal Rao,85
S Vidyut & SP Fleming,85
AB de Villiers & MK Tiwary,84
AB de Villiers & Iqbal Abdulla,84
BB McCullum & PA Patel,84
HH Pandya & MS Wade,84
DB Das & MK Tiwary,84
DA Warner & SN Khan,84
KM Jadhav & SK Raina,84
HH Gibbs & MD Mishra,84
DJ Hussey & LR Shukla,84
Abdul Samad & KS Williamson,84
AS Joseph & Rashid Khan,84
AP Tare & DR Smith,84
JJ Roy & SS Iyer,83
AB de Villiers & AJ Finch,83
JP Duminy & KP Pietersen,83
JM Bairstow & Shashank Singh,83
S Dhawan & SP Goswami,83
DJ Hussey & N Saini,83
SS Prabhudessai & Shahbaz Ahmed,83
PA Reddy & S Dhawan,83
KK Nair & SPD Smith,83
AP Tare & KA Pollard,83
AC Gilchrist & SB Styris,83
CJ Anderson & SS Iyer,82
KL Rahul & S Dhawan,82
AK Markram & Abdul Samad,82
DR Smith & TL Suman,82
AR Patel & R Dhawan,82
AM Rahane & LRPL Taylor,82
MK Tiwary & R Bhatia,82
JJ Roy & N Jagadeesan,82
V Kohli & YV Takawale,82
AR Patel & R Powell,81
Ishan Kishan & RA Jadeja,81
SPD Smith & SS Tiwary,81
AK Markram & DJ Hooda,81
ST Jayasuriya & YV Takawale,81
BCJ Cutting & Yuvraj Singh,81
AM Rahane & RA Jadeja,81
DJ Hooda & YK Pathan,81
UBT Chand & V Sehwag,81
MK Pandey & SPD Smith,81
Abishek Porel & RR Pant,80
KA Pollard & Q de Kock,80
AM Rahane & MK Tiwary,80
LA Pomersbach & V Kohli,80
DJ Hussey & M Vohra,80
MK Pandey & VR Iyer,80
CA Ingram & SS Iyer,80
KL Rahul & M Shahrukh Khan,80
GC Smith & M Kaif,80
DPMD Jayawardene & RS Bopara,80
DB Das & Salman Butt,80
MJ Guptill & RG Sharma,79
AP Tare & AT Rayudu,79
KD Karthik & MF Maharoof,79
Nithish Kumar Reddy & Shahbaz Ahmed,79
MW Short & S Dhawan,79
Harpreet Brar & M Shahrukh Khan,79
A Ashish Reddy & KV Sharma,79
MC Henriques & NV Ojha,79
PN Mankad & Q de Kock,78
AB Agarkar & SC Ganguly,78
DA Warner & KM Jadhav,78
DA Warner & EJG Morgan,78
IK Pathan & Y Venugopal Rao,78
Azmatullah Omarzai & B Sai Sudharsan,78
HH Gibbs & TL Suman,78
GJ Maxwell & SS Iyer,78
S Anirudha & SK Raina,78
CA Lynn & JH Kallis,78
GC Smith & RJ Quiney,78
DT Christian & S Dhawan,78
C Munro & PP Shaw,78
KH Pandya & N Rana,78
DA Miller & N Pooran,77
CH Gayle & OA Shah,77
AA Jhunjhunwala & AC Voges,77
Atharva Taide & Sikandar Raza,77
JJ Roy & RK Singh,77
MK Tiwary & RN ten Doeschate,77
BB McCullum & VVS Laxman,77
AJ Tye & R Ashwin,77
HH Pandya & N Rana,77
M Shahrukh Khan & S Dhawan,77
MP Stoinis & PA Patel,77
RV Uthappa & SM Pollock,77
AP Tare & KD Karthik,76
PK Garg & RA Tripathi,76
BJ Hodge & CH Gayle,76
JM Bairstow & PBB Rajapaksa,76
JP Duminy & S Dhawan,76
AR Patel & HM Amla,76
AJ Finch & NV Ojha,76
RR Pant & SD Hope,75
AR Patel & SN Thakur,75
J Fraser-McGurk & RR Pant,75
DR Smith & HH Gibbs,75
AL Menaria & AM Rahane,75
MK Pandey & RE van der Merwe,75
LRPL Taylor & MV Boucher,75
DPMD Jayawardene & MS Bisla,75
DA Miller & Gurkeerat Singh,75
SB Styris & Y Venugopal Rao,75
Abishek Porel & T Stubbs,75
Ashutosh Sharma & Harpreet Brar,75
MP Stoinis & SS Iyer,75
MS Dhoni & R Bhatia,75
DA Warner & RR Rossouw,75
DJ Bravo & F du Plessis,75
AB de Villiers & Gurkeerat Singh,74
NV Ojha & V Sehwag,74
AB Agarkar & WP Saha,74
AJ Finch & V Sehwag,74
V Sehwag & Y Nagar,74
Abhishek Sharma & Anmolpreet Singh,74
KK Nair & Yuvraj Singh,74
Azhar Mahmood & DJ Hussey,74
KM Jadhav & KS Williamson,74
KL Rahul & RS Bopara,74
JR Hopes & KC Sangakkara,74
MS Dhoni & SM Curran,73
J Botha & SR Watson,73
MF Maharoof & TM Dilshan,73
BJ Hodge & CA Pujara,73
T Kohler-Cadmore & YBK Jaiswal,73
AM Rahane & SS Iyer,73
AD Mathews & SC Ganguly,73
FY Fazal & SR Watson,73
Abhishek Sharma & JJ Roy,73
BB McCullum & WP Saha,73
Misbah-ul-Haq & R Dravid,72
DA Miller & KK Nair,72
BJ Rohrer & KM Jadhav,72
R Shepherd & TH David,72
MK Tiwary & MS Bisla,72
AB de Villiers & DL Vettori,72
AC Gilchrist & DB Ravi Teja,72
DPMD Jayawardene & LA Pomersbach,72
GJ Maxwell & M Vohra,72
GH Vihari & PA Reddy,72
KC Sangakkara & SM Katich,72
Kamran Akmal & YK Pathan,72
DJ Bravo & ST Jayasuriya,71
AT Rayudu & RV Uthappa,71
AR Patel & KK Nair,71
K Goel & KC Sangakkara,71
DA Miller & MA Agarwal,71
AK Markram & HC Brook,71
AA Jhunjhunwala & NV Ojha,71
KP Pietersen & M Vijay,71
EJG Morgan & SE Marsh,71
SPD Smith & SR Watson,71
AM Nayar & SE Marsh,71
DA Miller & SN Khan,71
A Chopra & SC Ganguly,71
Shashank Singh & Sikandar Raza,71
BCJ Cutting & HH Pandya,70
CJ Jordan & MA Agarwal,70
V Kohli & W Jaffer,70
JP Duminy & KK Nair,70
Gurkeerat Singh & M Vijay,70
C Green & KD Karthik,70
KC Sangakkara & MS Bisla,70
AD Nath & V Kohli,70
HM Amla & MJ Guptill,70
AA Jhunjhunwala & P Dogra,70
KC Sangakkara & WA Mota,70
K Goel & Yuvraj Singh,69
EJG Morgan & RS Bopara,69
AD Mathews & LJ Wright,69
Harbhajan Singh & R McLaren,69
RK Singh & SP Narine,69
JJ Roy & RR Pant,69
MD Mishra & RV Uthappa,69
N Pooran & Q de Kock,69
B Chipli & DT Christian,69
R Dravid & RV Uthappa,69
SS Iyer & Yuvraj Singh,69
MP Stoinis & PN Mankad,69
Mandeep Singh & TM Head,69
AC Gilchrist & MD Mishra,68
JM Bairstow & LS Livingstone,68
JJ Roy & WP Saha,68
M Manhas & TM Dilshan,68
DJ Hooda & MK Pandey,68
BB Samantray & DJG Sammy,68
Ishan Kishan & KH Pandya,68
F du Plessis & SM Curran,68
A Badoni & Arshad Khan,68
CA Lynn & SA Yadav,68
AA Bilakhia & AC Gilchrist,67
GJ Bailey & WP Saha,67
DPMD Jayawardene & KP Pietersen,67
AD Mathews & SS Iyer,67
MS Dhoni & WP Saha,67
AC Voges & YK Pathan,67
MA Agarwal & RA Tripathi,67
CH Gayle & KB Arun Karthik,67
CA Lynn & MK Pandey,66
BA Stokes & JC Archer,66
JP Faulkner & RA Jadeja,66
R Rampaul & R Vinay Kumar,66
MS Dhoni & RD Gaikwad,66
AR Patel & Aman Hakim Khan,66
AK Markram & MA Agarwal,66
SO Hetmyer & YBK Jaiswal,66
JD Unadkat & R Tewatia,66
AS Raut & SK Warne,66
KD Karthik & PJ Cummins,66
IK Pathan & KM Jadhav,66
SM Curran & Shashank Singh,66
SA Asnodkar & SR Watson,66
JC Buttler & K Gowtham,65
AT Rayudu & R McLaren,65
R Tewatia & RV Uthappa,65
AT Rayudu & M Vijay,65
M Shahrukh Khan & R Tewatia,65
MA Agarwal & SN Khan,65
RK Singh & UT Yadav,65
LJ Wright & Yuvraj Singh,65
CA Pujara & DA Miller,65
MC Henriques & RS Bopara,65
D Wiese & SN Khan,65
A Ashish Reddy & EJG Morgan,65
MR Marsh & SPD Smith,65
JH Kallis & W Jaffer,65
KS Williamson & MC Henriques,65
AG Paunikar & R Dravid,65
AB de Villiers & DA Warner,64
BJ Hodge & R Dravid,64
AM Rahane & NLTC Perera,64
D Padikkal & R Ashwin,64
KD Karthik & RV Uthappa,64
JP Duminy & RR Pant,64
F du Plessis & RV Uthappa,64
C Green & Tilak Varma,64
JJ Roy & Rahmanullah Gurbaz,64
Q de Kock & Yuvraj Singh,64
S Dhawan & SM Curran,64
PA Patel & RA Jadeja,64
MK Lomror & R Parag,64
RV Uthappa & V Kohli,64
RE Levi & SR Tendulkar,64
DJ Hooda & Shakib Al Hasan,64
PA Patel & YV Takawale,63
NK Patel & RA Jadeja,63
P Kumar & Z Khan,63
HV Patel & V Shankar,63
Ishan Kishan & Naman Dhir,63
KM Jadhav & STR Binny,63
DJ Hooda & SPD Smith,63
AA Jhunjhunwala & YK Pathan,63
Gurkeerat Singh & HM Amla,63
RE van der Merwe & V Kohli,63
KM Jadhav & P Negi,63
AK Markram & TM Head,63
Harbhajan Singh & SL Malinga,62
BB McCullum & Shakib Al Hasan,62
DB Das & YK Pathan,62
MA Agarwal & Q de Kock,62
AT Rayudu & DP Conway,62
AC Gilchrist & KD Karthik,62
M Vohra & MJ Guptill,62
Lalit Yadav & SN Thakur,62
KP Pietersen & MK Pandey,62
KL Rahul & SR Watson,62
AR Patel & RV Patel,62
N Jagadeesan & N Rana,62
AR Patel & SD Hope,62
AR Patel & SS Iyer,62
KD Karthik & Mandeep Singh,62
R Dravid & S Sriram,62
Anmolpreet Singh & RA Tripathi,62
AT Rayudu & N Jagadeesan,61
AD Russell & PJ Cummins,61
KD Karthik & PC Valthaty,61
B Kumar & H Klaasen,61
Abhishek Sharma & Nithish Kumar Reddy,61
KA Pollard & KD Karthik,61
AM Rahane & SR Tendulkar,61
CH Morris & RR Pant,61
HH Pandya & JP Duminy,61
S Anirudha & S Badrinath,61
CJ Jordan & DJ Hooda,61
BB McCullum & KD Karthik,61
R Ashwin & RA Jadeja,61
DPMD Jayawardene & PP Chawla,61
A Mishra & DW Steyn,61
PJ Cummins & SS Iyer,61
OA Shah & SP Goswami,61
AB de Villiers & M Kaif,61
R Tewatia & SPD Smith,61
DR Smith & RA Jadeja,61
DB Das & LR Shukla,61
R Parag & S Dube,60
C Munro & G Gambhir,60
Abdul Samad & Abhishek Sharma,60
PJ Cummins & VR Iyer,60
KD Karthik & RA Tripathi,60
HV Patel & KA Jamieson,60
A Mishra & MF Maharoof,60
Harpreet Brar & KL Rahul,60
JP Duminy & M Vijay,60
AL Menaria & LRPL Taylor,60
AC Voges & AS Raut,60
AA Bilakhia & HH Gibbs,60
KS Williamson & N Pooran,60
AM Rahane & ST Jayasuriya,60
MV Boucher & RV Uthappa,60
IK Pathan & NV Ojha,60
AD Mathews & DJ Hussey,59
AB de Villiers & RM Patidar,59
AB de Villiers & CJ Anderson,59
PP Chawla & SE Marsh,59
CH Gayle & KD Karthik,59
G Gambhir & JJ Roy,59
KV Sharma & MC Henriques,59
A Symonds & DB Ravi Teja,59
Gurkeerat Singh & Washington Sundar,59
R Shepherd & Washington Sundar,59
Mohammed Siraj & TG Southee,59
MK Pandey & RR Rossouw,59
AK Markram & Nithish Kumar Reddy,59
PJ Cummins & Shahbaz Ahmed,58
Ishan Kishan & TH David,58
N Rana & RG Sharma,58
KA Pollard & NM Coulter-Nile,58
AR Patel & MM Sharma,58
CR Brathwaite & YK Pathan,58
MD Mishra & TL Suman,58
SN Thakur & VR Iyer,58
KD Karthik & RK Singh,58
CJ Ferguson & Yuvraj Singh,58
AC Voges & FY Fazal,58
Arshdeep Singh & RD Chahar,58
Abdul Samad & Rashid Khan,58
JDP Oram & S Badrinath,58
N Pooran & PN Mankad,58
AD Russell & UT Yadav,57
LS Livingstone & SV Samson,57
SN Khan & TM Head,57
KD Karthik & Y Nagar,57
DT Christian & KC Sangakkara,57
R Vinay Kumar & RA Jadeja,57
Aman Hakim Khan & RV Patel,57
JP Duminy & MA Agarwal,57
CL White & KP Pietersen,57
DW Steyn & KV Sharma,57
Naman Dhir & RG Sharma,57
OA Shah & R Dravid,57
E Lewis & Q de Kock,57
MS Dhoni & S Vidyut,57
HH Pandya & Rashid Khan,57
DA Miller & MK Tiwary,56
R McLaren & SR Tendulkar,56
Mandeep Singh & N Pooran,56
JC Buttler & R Powell,56
DJ Hussey & KD Karthik,56
M Rawat & YK Pathan,56
AD Mathews & KM Jadhav,56
MJ Guptill & MK Pandey,56
Harbhajan Singh & MJ McClenaghan,56
BJ Hodge & WP Saha,56
G Coetzee & TH David,56
RD Gaikwad & Sameer Rizvi,56
SE Rutherford & Shahbaz Ahmed,56
AM Rahane & MA Agarwal,56
AA Jhunjhunwala & SR Watson,55
LR Shukla & YK Pathan,55
C Green & MK Lomror,55
DR Smith & Y Venugopal Rao,55
BB McCullum & MN van Wyk,55
JC Buttler & TK Curran,55
BB McCullum & JJ Roy,55
RV Uthappa & SR Tendulkar,55
DL Vettori & PD Collingwood,55
CL White & MV Boucher,55
MR Marsh & Yuvraj Singh,55
N Pooran & Shashank Singh,55
NV Ojha & Y Nagar,55
NM Coulter-Nile & SA Yadav,55
Azhar Mahmood & SD Chitnis,55
GC Smith & JD Ryder,54
R Tewatia & S Gopal,54
AJ Finch & V Kohli,54
A Ashish Reddy & NLTC Perera,54
DA Warner & YV Dhull,54
JD Ryder & MJ Clarke,54
D Padikkal & SO Hetmyer,54
DJM Short & RA Tripathi,54
A Badoni & K Gowtham,54
JC Buttler & M Vohra,54
HV Patel & RR Pant,54
IR Jaggi & SA Yadav,54
DL Chahar & SK Raina,54
AD Russell & PP Chawla,54
KA Pollard & Yuvraj Singh,54
JP Faulkner & SV Samson,54
D Wiese & Iqbal Abdulla,54
AM Nayar & MR Marsh,54
LA Pomersbach & Mandeep Singh,54
AT Carey & S Dhawan,54
DJ Hooda & N Pooran,54
SK Raina & SP Fleming,54
HH Pandya & Harbhajan Singh,54
MS Bisla & Yuvraj Singh,53
N Wadhera & TH David,53
AT Rayudu & KM Jadhav,53
DJG Sammy & KL Rahul,53
PJ Cummins & Shivam Mavi,53
JP Faulkner & P Kumar,53
PD Salt & Ramandeep Singh,53
AP Tare & MEK Hussey,53
PP Shaw & RR Rossouw,53
KD Karthik & KM Jadhav,53
IR Jaggi & S Dhawan,53
Mandeep Singh & Washington Sundar,53
AP Tare & CJ Anderson,53
KV Sharma & RG Sharma,53
Mohit Rathee & S Dhawan,53
Tanush Kotian & YBK Jaiswal,53
PR Shah & RV Uthappa,53
AR Patel & MG Johnson,53
KD Karthik & MA Agarwal,53
Abdul Samad & B Kumar,53
HV Patel & KD Karthik,53
K Goel & SM Katich,53
EJG Morgan & Shakib Al Hasan,53
P Simran Singh & RR Rossouw,52
P Simran Singh & Shashank Singh,52
SB Dubey & SV Samson,52
AB de Villiers & R Vinay Kumar,52
Ashutosh Sharma & SM Curran,52
AR Patel & Abishek Porel,52
DT Christian & MK Tiwary,52
KD Karthik & SS Prabhudessai,52
KD Karthik & LR Shukla,52
AM Nayar & SM Pollock,52
AT Rayudu & RJ Peterson,52
A Kumble & R Dravid,52
SR Watson & Sachin Baby,52
KA Pollard & R Sathish,52
R Parag & S Gopal,52
KD Karthik & SN Khan,52
JP Duminy & PR Shah,51
NLTC Perera & R Bhatia,51
MS Dhoni & SN Thakur,51
D Padikkal & MP Stoinis,51
MM Ali & MP Stoinis,51
LS Livingstone & MA Agarwal,51
M Klinger & PA Patel,51
MR Marsh & SN Khan,51
MP Stoinis & SO Hetmyer,51
DJ Malan & MA Agarwal,51
KL Rahul & MC Henriques,51
A Flintoff & SK Raina,51
Ishan Kishan & N Wadhera,51
GJ Maxwell & M Vijay,51
Ankit Sharma & SR Watson,51
MM Sharma & MS Dhoni,51
AR Patel & K Rabada,51
LS Livingstone & YBK Jaiswal,50
M Shahrukh Khan & OF Smith,50
BB McCullum & Mohammad Hafeez,50
AL Menaria & STR Binny,50
KV Sharma & NLTC Perera,50
CH Morris & JP Faulkner,50
BA Stokes & DT Christian,50
A Mishra & DJG Sammy,50
CM Gautam & KA Pollard,50
G Gambhir & SS Iyer,50
N Wadhera & T Stubbs,50
GJ Maxwell & Shahbaz Ahmed,50
C de Grandhomme & P Ray Barman,50
DL Vettori & SS Tiwary,50
DPMD Jayawardene & M Klinger,50
DA Warner & IK Pathan,50
KD Karthik & PWH de Silva,50
CM Gautam & IK Pathan,50
J Botha & RA Jadeja,50
NLTC Perera & PA Patel,50
MV Boucher & P Kumar,50
SM Pollock & SS Tiwary,50
NV Ojha & RS Bopara,50
BJ Rohrer & UBT Chand,50
R Tewatia & SS Iyer,50
A Symonds & MR Marsh,50
Mandeep Singh & P Negi,50
AM Rahane & DH Yagnik,50
DJ Hooda & S Dhawan,49
MS Dhoni & S Anirudha,49
MW Short & P Simran Singh,49
IK Pathan & M Morkel,49
N Pooran & Washington Sundar,49
Lalit Yadav & SO Hetmyer,49
A Chopra & Salman Butt,49
JA Morkel & JDP Oram,49
AD Mascarenhas & RA Jadeja,49
DS Lehmann & SR Watson,49
MF Maharoof & S Dhawan,49
MC Henriques & MN van Wyk,49
A Mishra & S Dhawan,49
Mandeep Singh & SN Khan,49
B Akhil & R Dravid,49
AP Dole & AS Raut,49
JO Holder & WP Saha,49
R Bhatia & YK Pathan,49
AT Rayudu & JP Duminy,49
AT Rayudu & CM Gautam,49
DB Das & R Bhatia,49
Abdul Samad & Nithish Kumar Reddy,49
GJ Bailey & R Ashwin,49
JDS Neesham & R Parag,49
HH Gibbs & Shahid Afridi,49
Rashid Khan & YK Pathan,49
AR Patel & CH Morris,49
C de Grandhomme & UT Yadav,48
JC Archer & S Gopal,48
D Padikkal & KS Bharat,48
KP Pietersen & Y Nagar,48
IK Pathan & K Goel,48
IK Pathan & KP Pietersen,48
AB de Villiers & KS Bharat,48
AR Patel & NS Naik,48
GC Smith & RA Jadeja,48
DE Bollinger & S Badrinath,48
AP Tare & RG Sharma,48
BB Samantray & GH Vihari,48
JA Morkel & R Ashwin,48
CA Lynn & RK Singh,48
GH Vihari & NLTC Perera,48
DPMD Jayawardene & RA Jadeja,48
F du Plessis & R Ashwin,48
A Manohar & R Tewatia,48
SPD Smith & YBK Jaiswal,48
BJ Hodge & DJ Hussey,48
PA Patel & PA Reddy,48
HV Patel & SO Hetmyer,48
Rashid Khan & V Shankar,48
Mandeep Singh & SM Curran,48
SP Narine & SS Iyer,48
BB McCullum & RT Ponting,48
N Jagadeesan & RD Gaikwad,48
NK Patel & SR Watson,48
BJ Rohrer & DA Warner,48
AM Nayar & LRPL Taylor,48
Bipul Sharma & IK Pathan,48
KL Rahul & Sachin Baby,47
AA Bilakhia & RG Sharma,47
CL White & JH Kallis,47
KK Nair & R Ashwin,47
AR Patel & Gurkeerat Singh,47
MA Starc & S Rana,47
BJ Hodge & SV Samson,47
Nithish Kumar Reddy & RA Tripathi,47
CM Gautam & RG Sharma,47
GJ Bailey & ML Hayden,47
Gurkeerat Singh & MP Stoinis,47
HH Pandya & R Tewatia,47
N Jagadeesan & Rahmanullah Gurbaz,47
RA Tripathi & SP Narine,47
JA Morkel & KM Jadhav,47
AB de Villiers & C de Grandhomme,47
Anirudh Singh & RG Sharma,47
AT Rayudu & JC Buttler,47
C de Grandhomme & G Gambhir,47
GJ Maxwell & SS Prabhudessai,47
Shahbaz Ahmed & V Kohli,47
AT Rayudu & N Rana,47
JA Morkel & MS Gony,47
AM Rahane & KP Pietersen,47
LPC Silva & Y Venugopal Rao,47
AL Menaria & J Botha,47
AJ Finch & DJ Bravo,47
GJ Maxwell & V Shankar,46
KK Nair & MA Agarwal,46
S Dube & Washington Sundar,46
JC Archer & TK Curran,46
DP Conway & RA Jadeja,46
D Padikkal & Dhruv Jurel,46
Lalit Yadav & MR Marsh,46
DJ Thornely & RV Uthappa,46
B Kumar & CR Brathwaite,46
Harpreet Brar & JM Sharma,46
JD Unadkat & S Gopal,46
K Gowtham & RA Tripathi,46
CH Morris & JD Unadkat,46
Bipul Sharma & DA Warner,46
NV Ojha & Yuvraj Singh,46
OA Shah & SC Ganguly,46
LJ Wright & SPD Smith,46
Shoaib Malik & V Sehwag,46
AM Rahane & BA Stokes,46
GD Phillips & S Dube,46
AD Russell & G Gambhir,46
KMA Paul & RR Pant,46
AC Gilchrist & SD Chitnis,45
M Kaif & SA Asnodkar,45
SN Khan & V Kohli,45
Q de Kock & SS Tiwary,45
GJ Maxwell & MK Lomror,45
AB McDonald & KD Karthik,45
CH Morris & R Tewatia,45
AD Russell & DPMD Jayawardene,45
RD Gaikwad & SR Watson,45
AB Barath & KC Sangakkara,45
Gulbadin Naib & T Stubbs,45
JD Ryder & TD Paine,45
AD Nath & AJ Finch,45
K Gowtham & MA Agarwal,45
Mohammad Nabi & YK Pathan,45
KP Pietersen & Q de Kock,45
R Vinay Kumar & SS Tiwary,45
N Wadhera & PP Chawla,45
Ankit Sharma & MK Tiwary,45
Rahmanullah Gurbaz & SP Narine,45
A Nehra & PD Collingwood,45
PP Chawla & R McLaren,45
P Kumar & R Dravid,45
LA Pomersbach & R Sathish,45
DA Warner & GH Vihari,45
BJ Hodge & SR Watson,45
KH Pandya & MG Johnson,45
M Vohra & Q de Kock,45
JA Morkel & S Anirudha,45
SC Ganguly & Umar Gul,45
KV Sharma & P Kumar,44
CH Gayle & LA Pomersbach,44
A Flintoff & ML Hayden,44
JA Morkel & Joginder Sharma,44
A Ashish Reddy & DJG Sammy,44
BCJ Cutting & NV Ojha,44
RV Uthappa & TL Suman,44
AD Mathews & BB McCullum,44
AB McDonald & KM Jadhav,44
JP Duminy & ST Jayasuriya,44
AJ Finch & LRPL Taylor,44
DA Miller & SV Samson,44
M Vohra & MM Sharma,44
MJ Lumb & YK Pathan,44
MG Bracewell & V Kohli,44
RA Tripathi & TM Head,44
MA Agarwal & Z Khan,44
M Manhas & SC Ganguly,44
Ramandeep Singh & SS Iyer,44
DJ Bravo & MEK Hussey,44
DJ Bravo & Harbhajan Singh,43
D Pretorius & MS Dhoni,43
MS Wade & WP Saha,43
JO Holder & Rashid Khan,43
A Ashish Reddy & S Dhawan,43
IR Jaggi & JP Duminy,43
AB Agarkar & M Kartik,43
JP Faulkner & STR Binny,43
CK Kapugedera & MS Dhoni,43
AM Rahane & KK Cooper,43
KK Nair & R Bhatia,43
AF Milne & SS Tiwary,43
JC Archer & R Parag,43
M Manhas & Yuvraj Singh,43
Arshad Khan & Tilak Varma,43
AB de Villiers & TM Head,43
Bipul Sharma & NV Ojha,43
JL Pattinson & KA Pollard,43
CH Gayle & N Pooran,43
A Symonds & DR Smith,43
M Kaif & Yuvraj Singh,43
KM Jadhav & SN Khan,43
MK Tiwary & S Dhawan,43
BJ Hodge & OA Shah,43
DPMD Jayawardene & MC Juneja,43
B Kumar & Shahbaz Ahmed,43
MD Shanaka & Shubman Gill,43
DJ Hussey & T Taibu,43
Mohammad Nabi & Tilak Varma,42
A Symonds & VVS Laxman,42
CR Brathwaite & SW Billings,42
R Powell & SO Hetmyer,42
AR Patel & SE Rutherford,42
CJ Ferguson & SC Ganguly,42
CR Woakes & Mandeep Singh,42
B Lee & MK Tiwary,42
DJ Hussey & SD Chitnis,42
SR Tendulkar & TL Suman,42
AA Jhunjhunwala & PA Reddy,42
LRPL Taylor & SR Watson,42
Kamran Akmal & SA Asnodkar,42
JR Hopes & Y Nagar,42
P Negi & RA Jadeja,42
A Mukund & CH Gayle,42
AB de Villiers & JR Philippe,42
AB de Villiers & J Syed Mohammad,42
LR Shukla & M Kartik,42
R Powell & SN Thakur,42
I Sharma & M Kartik,42
KV Sharma & PA Patel,42
Anirudh Singh & Y Venugopal Rao,42
SS Tiwary & Z Khan,42
AB de Villiers & Washington Sundar,42
G Gambhir & RR Pant,42
JC Buttler & R Tewatia,42
JP Duminy & SW Billings,41
WPUJC Vaas & Y Venugopal Rao,41
AB de Villiers & SN Khan,41
LR Shukla & MK Tiwary,41
DJ Hooda & EJG Morgan,41
CJ Anderson & SV Samson,41
LRPL Taylor & NV Ojha,41
BJ Hodge & LR Shukla,41
AB de Villiers & RR Rossouw,41
M Shahrukh Khan & MA Agarwal,41
GJ Bailey & SS Tiwary,41
H Klaasen & Washington Sundar,41
B Sai Sudharsan & R Tewatia,41
L Ronchi & ST Jayasuriya,41
GJ Maxwell & IK Pathan,41
AB de Villiers & JA Morkel,41
A Mishra & B Chipli,41
AS Yadav & RG Sharma,41
AM Rahane & PR Shah,41
RG Sharma & Shahid Afridi,41
JC Archer & K Gowtham,41
MK Pandey & SP Narine,41
MM Ali & PA Patel,41
AD Mascarenhas & P Dogra,41
AM Rahane & GJ Bailey,41
RN ten Doeschate & Shakib Al Hasan,41
Abdul Samad & M Jansen,41
DJ Bravo & Imran Tahir,41
KC Sangakkara & PA Reddy,41
SA Yadav & Yuvraj Singh,41
PP Chawla & WA Mota,41
KA Pollard & R Dhawan,41
KS Williamson & Mohammad Nabi,41
AD Nath & PA Patel,41
Harpreet Singh & Shashank Singh,40
DR Smith & MEK Hussey,40
P Kumar & R Vinay Kumar,40
SP Narine & VR Iyer,40
JM Sharma & RD Chahar,40
JM Bairstow & PK Garg,40
A Mishra & Mohammed Shami,40
AJ Tye & JP Faulkner,40
AJ Finch & AR Patel,40
DJ Hooda & KS Williamson,40
AB de Villiers & KB Arun Karthik,40
GJ Maxwell & KD Karthik,40
RM Patidar & Shahbaz Ahmed,40
MN van Wyk & WP Saha,40
MP Stoinis & R Ashwin,40
AS Raut & J Botha,40
AB Barath & DPMD Jayawardene,40
DJ Mitchell & RA Jadeja,40
AK Markram & R Shepherd,40
Abdul Samad & MK Pandey,40
LRPL Taylor & P Kumar,40
AD Russell & Ramandeep Singh,40
AR Patel & R Tewatia,40
HH Pandya & PA Patel,40
AM Nayar & AM Rahane,40
R Parag & TA Boult,40
PP Chawla & Shubman Gill,40
MJ Santner & RA Jadeja,40
Anmolpreet Singh & Ishan Kishan,40
M Manhas & RV Uthappa,40
R Bhatia & RN ten Doeschate,39
DB Das & RN ten Doeschate,39
WD Parnell & Yuvraj Singh,39
JA Morkel & SS Iyer,39
Ishan Kishan & J Yadav,39
M Ashwin & M Shahrukh Khan,39
BJ Rohrer & CM Gautam,39
K Rabada & OF Smith,39
HH Gibbs & SR Tendulkar,39
Gurkeerat Singh & V Kohli,39
KL Rahul & KV Sharma,39
KM Jadhav & SR Watson,39
CH Gayle & DT Christian,39
SS Tiwary & Yuvraj Singh,39
KS Williamson & Shubman Gill,39
AM Rahane & JP Faulkner,39
G Gambhir & Shoaib Malik,39
CH Morris & DT Christian,39
G Gambhir & IR Jaggi,39
AL Menaria & AS Raut,39
LRPL Taylor & MK Pandey,39
R Vinay Kumar & RV Uthappa,39
PD Salt & VR Iyer,39
CJ Anderson & RR Pant,39
AD Russell & CR Brathwaite,39
MK Lomror & RV Uthappa,39
MS Dhoni & SS Tiwary,39
OA Shah & SR Watson,39
MS Gony & PP Chawla,39
D Wiese & MA Starc,39
M Jansen & Shashank Singh,39
B Sumanth & RJ Harris,39
KA Pollard & S Dhawan,38
HH Pandya & TG Southee,38
JR Hopes & V Sehwag,38
R Parag & SB Dubey,38
Imran Tahir & SM Curran,38
Lalit Yadav & PP Shaw,38
JD Ryder & MD Mishra,38
Harpreet Brar & Harpreet Singh,38
KH Pandya & TG Southee,38
DH Yagnik & STR Binny,38
MS Dhoni & SP Fleming,38
DJ Bravo & RD Gaikwad,38
M Shahrukh Khan & Sikandar Raza,38
A Ashish Reddy & A Mishra,38
S Dhawan & TM Dilshan,38
CH Morris & SS Iyer,38
BA Stokes & R Parag,38
AC Voges & NV Ojha,38
AP Majumdar & CJ Ferguson,38
AD Mathews & B Kumar,38
B Lee & R Bhatia,38
CL White & V Kohli,38
V Sehwag & Y Venugopal Rao,38
Bipul Sharma & Mandeep Singh,37
RK Singh & VG Arora,37
JC Buttler & S Dube,37
BB Samantray & KV Sharma,37
AR Patel & SN Khan,37
GJ Bailey & UT Khawaja,37
LRPL Taylor & Y Venugopal Rao,37
M Kartik & WP Saha,37
PP Chawla & SA Yadav,37
Abdul Samad & DA Warner,37
RA Tripathi & Washington Sundar,37
KA Pollard & KV Sharma,37
AJ Finch & R Ashwin,37
DPMD Jayawardene & PA Patel,37
R Dravid & S Chanderpaul,37
EJG Morgan & KV Sharma,37
JC Buttler & STR Binny,37
AM Nayar & AT Rayudu,37
GH Vihari & KC Sangakkara,37
LR Shukla & WP Saha,37
JR Hazlewood & Mohammed Siraj,37
CJ Anderson & PJ Cummins,37
IK Pathan & LA Pomersbach,37
CR Woakes & SA Yadav,37
R Ashwin & SS Iyer,37
JDP Oram & MEK Hussey,37
CH Gayle & HV Patel,37
SPD Smith & Yuvraj Singh,37
BJ Haddin & JH Kallis,37
Harbhajan Singh & MG Johnson,37
F du Plessis & WG Jacks,37
KH Pandya & Yuvraj Singh,37
AS Raut & YK Pathan,37
RE Levi & RG Sharma,37
CH Morris & STR Binny,37
Harbhajan Singh & JEC Franklin,37
GJ Maxwell & PP Shaw,37
A Symonds & MD Mishra,37
JA Morkel & MEK Hussey,37
SM Curran & SR Watson,37
JM Kemp & MS Dhoni,37
A Symonds & AS Yadav,37
AR Patel & Rasikh Salam,37
DJ Hussey & Salman Butt,37
DR Smith & WPUJC Vaas,37
PC Valthaty & Sunny Singh,36
PP Shaw & TL Seifert,36
SV Samson & T Kohler-Cadmore,36
JM Sharma & PBB Rajapaksa,36
BMAJ Mendis & KM Jadhav,36
MK Tiwary & Yuvraj Singh,36
AR Patel & KL Rahul,36
Azhar Mahmood & DA Miller,36
DJ Hooda & Mandeep Singh,36
AB McDonald & CA Pujara,36
RN ten Doeschate & SA Yadav,36
JO Holder & YBK Jaiswal,36
Rashid Khan & WP Saha,36
KL Rahul & SM Curran,36
LS Livingstone & Shashank Singh,36
Aman Hakim Khan & DA Warner,36
MEK Hussey & R Ashwin,36
P Kumar & V Kohli,36
DJG Sammy & S Dhawan,36
Misbah-ul-Haq & V Kohli,36
R Ashwin & R Powell,36
AD Russell & TK Curran,36
P Negi & STR Binny,36
M Vohra & V Kohli,36
AD Russell & MK Pandey,36
DR Martyn & YK Pathan,36
Mohammad Nabi & V Shankar,36
JA Morkel & Yuvraj Singh,36
Abdul Samad & PK Garg,36
Abdul Samad & Umran Malik,36
Mohammed Siraj & YS Chahal,36
DB Ravi Teja & NLTC Perera,35
RJ Quiney & YK Pathan,35
F Behardien & MP Stoinis,35
MK Pandey & V Kohli,35
E Lewis & SV Samson,35
CH Morris & I Udana,35
MEK Hussey & ML Hayden,35
B Kumar & KS Williamson,35
DA Warner & SD Hope,35
DR Smith & ST Jayasuriya,35
AD Russell & RA Tripathi,35
MA Starc & VR Aaron,35
DT Patil & R Dravid,35
Avesh Khan & MP Stoinis,35
Joginder Sharma & MS Dhoni,35
GC Smith & Kamran Akmal,35
Atharva Taide & S Dhawan,35
DJ Mitchell & JC Buttler,35
A Mishra & M Manhas,35
LH Ferguson & Shivam Mavi,35
JP Duminy & P Negi,35
DPMD Jayawardene & KM Jadhav,35
DJ Bravo & S Badrinath,35
Lalit Yadav & S Dhawan,35
Anuj Rawat & Shahbaz Ahmed,35
EJG Morgan & M Vohra,35
A Badoni & E Lewis,35
JH Kallis & KP Pietersen,35
MV Boucher & SP Goswami,35
Mandeep Singh & R Ashwin,35
AD Mathews & RR Pant,35
H Klaasen & M Jansen,35
AM Rahane & SO Hetmyer,35
JM Sharma & R Dhawan,35
DJ Bravo & P Negi,35
G Gambhir & SP Jackson,35
DA Warner & RE van der Merwe,35
R McLaren & RJ Harris,35
DJG Sammy & KV Sharma,34
AM Rahane & DJ Bravo,34
DJG Sammy & Y Venugopal Rao,34
DW Steyn & V Kohli,34
AB de Villiers & S Dhawan,34
KD Karthik & Swapnil Singh,34
D Kalyankrishna & RG Sharma,34
DJ Mitchell & SV Samson,34
AB de Villiers & SR Watson,34
AJ Tye & KD Karthik,34
Anuj Rawat & MG Bracewell,34
PJ Cummins & Sanvir Singh,34
GJ Maxwell & KL Rahul,34
DJ Willey & SE Rutherford,34
Ishan Kishan & Ramandeep Singh,34
GJ Maxwell & MG Bracewell,34
GJ Bailey & M Vijay,34
IK Pathan & MC Juneja,34
KM Jadhav & Sachin Baby,34
AM Nayar & Mandeep Singh,34
Abishek Porel & SN Khan,34
R Tewatia & TK Curran,34
OA Shah & SV Samson,34
LR Shukla & R Bhatia,34
BCJ Cutting & KH Pandya,34
SO Hetmyer & TA Boult,34
KS Williamson & SP Goswami,34
AJ Hosein & H Klaasen,34
AB de Villiers & AUK Pathan,34
RR Powar & WA Mota,34
JM Bairstow & V Shankar,34
M Manhas & R Bhatia,34
JD Unadkat & Tilak Varma,34
DJ Bravo & DR Smith,34
AD Russell & RN ten Doeschate,34
Bipul Sharma & KD Karthik,34
RE Levi & TL Suman,33
MEK Hussey & RG Sharma,33
Shakib Al Hasan & WP Saha,33
RG Sharma & RP Singh,33
CL White & DJ Harris,33
KK Nair & MN Samuels,33
DS Kulkarni & KA Pollard,33
JR Hopes & Yuvraj Singh,33
MJ Clarke & RV Uthappa,33
C Madan & SR Tendulkar,33
A Mishra & I Sharma,33
Basil Thampi & KD Karthik,33
M Kaif & SS Tiwary,33
AD Mathews & LR Shukla,33
AT Rayudu & HH Pandya,33
BA Stokes & K Gowtham,33
JP Faulkner & VS Malik,33
Avesh Khan & JC Buttler,33
MR Marsh & WD Parnell,33
BCJ Cutting & M Markande,33
MS Dhoni & SR Watson,33
DJ Hooda & Mohammad Nabi,33
DA Miller & PP Chawla,33
MV Boucher & RE van der Merwe,33
EJG Morgan & R Bhatia,33
RJ Harris & TL Suman,33
Mandeep Singh & SR Watson,33
CJ Anderson & MEK Hussey,33
DA Warner & Mohammad Nabi,33
NLTC Perera & RA Jadeja,33
R Vinay Kumar & Z Khan,33
R Ashwin & TA Boult,33
JA Morkel & WP Saha,33
J Botha & UBT Chand,33
N Rana & SP Jackson,33
AM Nayar & Sunny Singh,33
DB Das & RT Ponting,33
RA Jadeja & SN Thakur,33
C de Grandhomme & SN Khan,33
Dhruv Jurel & R Powell,33
M Jansen & N Pooran,33
HV Patel & R Vinay Kumar,33
PJ Cummins & V Viyaskanth,33
CJ McKay & Harbhajan Singh,33
D Wiese & Mandeep Singh,33
BB McCullum & Y Gnaneswara Rao,32
CJ Ferguson & SPD Smith,32
RG Sharma & SB Bangar,32
KA Pollard & R McLaren,32
DR Sams & Tilak Varma,32
JD Unadkat & Shahbaz Ahmed,32
CR Woakes & V Kohli,32
DPMD Jayawardene & OA Shah,32
JDP Oram & MS Dhoni,32
C de Grandhomme & V Kohli,32
AR Patel & SO Hetmyer,32
B Kumar & M Manhas,32
M Kartik & RV Uthappa,32
IK Pathan & TR Birt,32
M Shahrukh Khan & MC Henriques,32
AN Ahmed & Harbhajan Singh,32
DA Warner & TM Dilshan,32
A Mishra & KD Karthik,32
AM Rahane & MK Lomror,32
DA Miller & S Dube,32
AM Nayar & DJ Hussey,32
A Badoni & KR Mayers,32
KM Jadhav & PD Collingwood,32
KD Karthik & V Sehwag,32
KM Jadhav & V Kohli,32
Arshad Khan & KH Pandya,32
AP Tare & SW Billings,32
Harpreet Brar & NT Ellis,32
CH Gayle & RR Rossouw,32
J Syed Mohammad & SS Tiwary,32
AM Nayar & SR Watson,32
A Mishra & TM Dilshan,32
CH Gayle & VH Zol,32
Iqbal Abdulla & R Bhatia,31
AB de Villiers & SO Hetmyer,31
NL McCullum & Yuvraj Singh,31
DB Ravi Teja & RG Sharma,31
Arshad Khan & Yudhvir Singh,31
J Suchith & KA Pollard,31
KW Richardson & SPD Smith,31
R Sathish & SS Tiwary,31
AJ Tye & SM Curran,31
A Symonds & SB Bangar,31
SK Raina & WP Saha,31
BA Stokes & STR Binny,31
JA Richardson & M Shahrukh Khan,31
MK Pandey & RN ten Doeschate,31
CH Gayle & DL Vettori,31
Abdul Samad & JO Holder,31
A Badoni & JO Holder,31
LS Livingstone & MW Short,31
DA Miller & EJG Morgan,31
Azhar Mahmood & PP Chawla,31
LS Livingstone & R Dhawan,31
T Stubbs & TH David,31
AK Markram & KS Williamson,31
JM Sharma & P Simran Singh,31
AB de Villiers & DJG Sammy,31
PD Salt & RK Singh,31
B Chipli & S Dhawan,31
AB de Villiers & DR Sams,31
AD Mathews & SS Tiwary,31
AR Patel & MR Marsh,31
DA Miller & SD Chitnis,31
M Vijay & MA Agarwal,31
KA Pollard & TH David,31
A Mishra & BB Samantray,31
MD Mishra & R Sharma,31
AS Rajpoot & TK Curran,31
DJ Bravo & MJ Santner,31
P Kumar & RJ Harris,31
AN Ahmed & R Sathish,30
RK Singh & Ramandeep Singh,30
SW Billings & VR Iyer,30
AK Markram & Shahbaz Ahmed,30
CH Morris & J Yadav,30
KL Nagarkoti & PJ Cummins,30
GJ Bailey & V Sehwag,30
HH Pandya & MJ McClenaghan,30
DJ Hussey & RT Ponting,30
R Dravid & Z Khan,30
DP Conway & RV Uthappa,30
Aman Hakim Khan & P Dubey,30
R Dravid & SV Samson,30
S Rana & V Kohli,30
DL Chahar & F du Plessis,30
DJG Sammy & NLTC Perera,30
Anuj Rawat & RM Patidar,30
DJ Mitchell & R Parag,30
A Ashish Reddy & RS Bopara,30
MG Johnson & WP Saha,30
B Akhil & CL White,30
MS Bisla & RR Rossouw,30
MS Bisla & SE Marsh,30
BCJ Cutting & JP Faulkner,30
Harpreet Singh & Sikandar Raza,30
DA Miller & R Parag,30
A Ashish Reddy & GH Vihari,30
A Symonds & KA Pollard,30
KA Pollard & M Ashwin,30
AM Nayar & SV Samson,30
KA Pollard & PA Patel,29
NV Ojha & SA Asnodkar,29
AT Rayudu & MG Johnson,29
CH Gayle & Vishnu Vinod,29
Ramandeep Singh & TH David,29
PR Shah & SR Tendulkar,29
EJG Morgan & KL Nagarkoti,29
B Akhil & P Kumar,29
DA Miller & HM Amla,29
I Sharma & LR Shukla,29
CH Gayle & LR Shukla,29
RA Jadeja & SW Billings,29
R Bhatia & S Narwal,29
MM Patel & SK Trivedi,29
R Ravindra & S Dube,29
JO Holder & PVD Chameera,29
SS Tiwary & UT Khawaja,29
JDS Neesham & JP Duminy,29
SK Warne & SR Watson,29
JC Buttler & MK Lomror,29
Ishan Kishan & JP Faulkner,29
J Botha & YK Pathan,29
Kuldeep Yadav & R Powell,29
A Raghuvanshi & AD Russell,29
BB McCullum & MS Bisla,29
Mohammed Siraj & V Kohli,29
DJ Bravo & JP Faulkner,29
B Kumar & BCJ Cutting,29
BB Samantray & NLTC Perera,29
DJ Bravo & MA Khote,29
DA Warner & PK Garg,29
Misbah-ul-Haq & SP Goswami,29
JD Unadkat & MK Tiwary,29
DJ Hooda & E Lewis,29
DJ Thornely & SR Tendulkar,29
A Flintoff & JA Morkel,29
DS Kulkarni & PV Tambe,29
M Manhas & R Ashwin,29
DT Christian & V Shankar,29
VH Zol & YV Takawale,29
GH Vihari & PA Patel,29
MK Tiwary & RA Tripathi,29
CA Lynn & YK Pathan,29
KK Nair & STR Binny,29
SP Jackson & UT Yadav,28
Kuldeep Yadav & Rasikh Salam,28
SM Curran & SN Thakur,28
DA Warner & YK Pathan,28
B Indrajith & SS Iyer,28
GJ Maxwell & HV Patel,28
SB Bangar & Y Venugopal Rao,28
Lalit Yadav & R Powell,28
CJ Ferguson & RV Uthappa,28
DT Christian & SPD Smith,28
B Kumar & NV Ojha,28
Mohammad Hafeez & SC Ganguly,28
MA Agarwal & MP Stoinis,28
MD Mishra & Yuvraj Singh,28
Harpreet Singh & M Manhas,28
M Manhas & PD Collingwood,28
CH Gayle & Yuvraj Singh,28
Misbah-ul-Haq & Z Khan,28
M Manhas & RA Jadeja,28
CV Varun & UT Yadav,28
LA Pomersbach & SM Katich,28
DL Vettori & M Manhas,28
Q de Kock & SD Lad,28
AM Rahane & Harbhajan Singh,28
B Lee & PP Chawla,28
CH Morris & NM Coulter-Nile,28
AK Markram & CH Gayle,28
AD Russell & HF Gurney,28
KD Karthik & LRPL Taylor,28
DJG Sammy & GH Vihari,28
RR Raje & YV Takawale,28
SM Pollock & ST Jayasuriya,28
AS Roy & RK Singh,28
KL Rahul & NV Ojha,28
JP Faulkner & R Bhatia,28
UBT Chand & Y Venugopal Rao,28
MP Stoinis & Mohsin Khan,28
DB Ravi Teja & DW Steyn,28
JM Bairstow & MA Agarwal,28
AD Russell & J Botha,28
AR Patel & S Dhawan,28
AU Rashid & Abdul Samad,28
CH Morris & SV Samson,28
AC Thomas & M Manhas,28
KM Jadhav & Yuvraj Singh,28
AR Patel & PP Shaw,28
DA Miller & MP Stoinis,28
M Jansen & Washington Sundar,28
CR Woakes & TK Curran,28
B Lee & K Goel,27
Abishek Porel & Kuldeep Yadav,27
KL Rahul & M Vohra,27
HV Patel & SN Khan,27
KD Karthik & Shoaib Malik,27
KS Williamson & Virat Singh,27
K Gowtham & MP Stoinis,27
AT Rayudu & SM Curran,27
Harpreet Brar & RD Chahar,27
AT Rayudu & SW Billings,27
Akash Deep & DJ Willey,27
KM Jadhav & MA Agarwal,27
R Ashwin & RR Pant,27
Harbhajan Singh & SK Raina,27
SS Iyer & V Shankar,27
Harbhajan Singh & R Vinay Kumar,27
CH Gayle & DJ Hooda,27
CH Gayle & DJ Hussey,27
RP Singh & Y Venugopal Rao,27
Kuldeep Yadav & LH Ferguson,27
LR Shukla & Mohammad Hafeez,27
S Dhawan & V Shankar,27
AD Russell & JPR Scantlebury-Searles,27
AD Russell & Rasikh Salam,27
CJ Anderson & LMP Simmons,27
Saurav Chauhan & V Kohli,27
CR Brathwaite & JP Duminy,27
RK Singh & Shubman Gill,27
MK Tiwary & R Shukla,27
Mohammed Shami & S Nadeem,27
NV Ojha & RA Jadeja,27
DS Kulkarni & R Bhatia,27
LA Pomersbach & Yuvraj Singh,27
N Saini & SE Marsh,27
A Nortje & Kuldeep Yadav,27
D Padikkal & Q de Kock,27
DA Warner & Rashid Khan,27
Sumit Kumar & T Stubbs,26
KP Pietersen & MK Tiwary,26
AR Patel & Sandeep Sharma,26
RR Pant & SN Thakur,26
CL White & PA Reddy,26
Abdul Samad & V Shankar,26
A Mishra & RR Pant,26
KK Cooper & PV Tambe,26
KD Karthik & RT Ponting,26
AD Nath & KL Rahul,26
R Vinay Kumar & V Kohli,26
JO Holder & YK Pathan,26
M Vohra & SV Samson,26
LS Livingstone & PN Mankad,26
Mohammed Siraj & Navdeep Saini,26
AR Patel & M Vohra,26
AK Markram & Anmolpreet Singh,26
CH Gayle & DJG Sammy,26
Harpreet Singh & MW Short,26
D Wiese & V Kohli,26
KM Jadhav & Parvez Rasool,26
HH Pandya & LMP Simmons,26
JM Sharma & Shivam Singh,26
SK Warne & SM Harwood,26
BR Dunk & CM Gautam,26
F du Plessis & SN Thakur,26
MV Boucher & R Vinay Kumar,26
GJ Maxwell & KA Jamieson,26
F du Plessis & SS Prabhudessai,26
Kamran Akmal & SR Watson,26
CH Morris & P Negi,26
FA Allen & KA Pollard,26
JR Hopes & NV Ojha,26
Kamran Akmal & M Kaif,26
DJG Sammy & JO Holder,26
Abdul Samad & KM Jadhav,26
GC Smith & Sohail Tanvir,26
JP Duminy & R Sathish,26
N Jagadeesan & VR Iyer,26
AD Russell & CV Varun,26
A Kumble & MV Boucher,26
CM Gautam & LMP Simmons,26
HV Patel & PWH de Silva,26
MR Marsh & RG Sharma,25
A Uniyal & AA Jhunjhunwala,25
PP Chawla & SP Narine,25
Aman Hakim Khan & Lalit Yadav,25
B Kumar & KW Richardson,25
M Shahrukh Khan & P Simran Singh,25
Akash Deep & KD Karthik,25
MM Sharma & R Ashwin,25
AC Gilchrist & Y Venugopal Rao,25
JD Ryder & MN Samuels,25
HH Pandya & M Markande,25
AJ Tye & Ishan Kishan,25
K Rabada & MP Stoinis,25
AJ Finch & CH Gayle,25
AJ Finch & PV Tambe,25
DJ Bravo & ER Dwivedi,25
SP Narine & SW Billings,25
JR Hopes & MS Wade,25
CH Morris & PJ Cummins,25
AC Gilchrist & Shahid Afridi,25
CJ Anderson & K Rabada,25
R Vinay Kumar & RV Gomez,25
A Mishra & AB McDonald,25
AM Rahane & RR Pant,25
R Ashwin & TU Deshpande,25
EJG Morgan & V Kohli,25
P Negi & Q de Kock,25
AP Tare & GJ Maxwell,25
Dhruv Jurel & R Ashwin,25
KD Karthik & PJ Sangwan,25
KD Karthik & Shakib Al Hasan,25
GJ Maxwell & SN Khan,25
EJG Morgan & GH Vihari,25
AD Mascarenhas & SR Watson,25
Abhishek Sharma & JO Holder,25
AR Patel & HV Patel,25
Harpreet Brar & Shashank Singh,25
RA Jadeja & RV Gomez,25
P Awana & P Kumar,25
KD Karthik & SL Malinga,24
R Bishnoi & SP Goswami,24
AD Russell & SA Yadav,24
C Munro & S Dhawan,24
Atharva Taide & JM Bairstow,24
B Chipli & W Jaffer,24
AB McDonald & PJ Sangwan,24
TL Suman & Yuvraj Singh,24
Harmeet Singh & PP Chawla,24
JJ Roy & PP Shaw,24
KD Karthik & PD Collingwood,24
JH Kallis & Misbah-ul-Haq,24
DB Das & SC Ganguly,24
M Vijay & RA Jadeja,24
RV Gomez & S Sreesanth,24
AC Voges & AJ Finch,24
JDS Neesham & KD Karthik,24
Dhruv Jurel & TA Boult,24
LS Livingstone & P Simran Singh,24
GB Hogg & STR Binny,24
RR Pant & Sumit Kumar,24
MK Lomror & YBK Jaiswal,24
A Symonds & AC Gilchrist,24
A Chopra & BJ Hodge,24
Bipul Sharma & JP Faulkner,24
AB de Villiers & SA Abbott,24
STR Binny & V Kohli,24
CH Gayle & SR Watson,24
BJ Hodge & MC Henriques,24
G Gambhir & SP Goswami,24
AP Tare & S Dhawan,24
G Gambhir & PP Shaw,24
DB Das & DJ Hussey,24
SD Hope & T Stubbs,24
V Shankar & Yuvraj Singh,24
DJG Sammy & IK Pathan,24
JP Faulkner & SR Watson,24
Harbhajan Singh & JP Duminy,24
C Munro & RR Pant,24
MK Lomror & Shahbaz Ahmed,24
DA Warner & RS Bopara,24
DJ Hooda & JM Bairstow,24
DJ Hooda & JDS Neesham,24
A Badoni & Q de Kock,24
Rahmanullah Gurbaz & SN Thakur,24
JD Unadkat & PJ Cummins,24
GJ Bailey & Gurkeerat Singh,24
K Rabada & RD Chahar,24
MM Sharma & RA Jadeja,24
KM Jadhav & R Shukla,24
AJ Finch & PA Patel,24
CA Lynn & RG Sharma,24
B Kumar & Sandeep Sharma,24
DP Conway & MS Dhoni,24
Aman Hakim Khan & MK Pandey,23
KB Arun Karthik & SS Tiwary,23
Anuj Rawat & GJ Maxwell,23
Shakib Al Hasan & UT Yadav,23
D Ferreira & R Parag,23
MM Sharma & Rashid Khan,23
D Wiese & RK Singh,23
JP Duminy & LR Shukla,23
AD Russell & D Wiese,23
Abishek Porel & MK Pandey,23
AB McDonald & IK Pathan,23
AD Russell & CA Lynn,23
DJ Thornely & ST Jayasuriya,23
AB de Villiers & AD Nath,23
MN Samuels & SC Ganguly,23
SK Warne & YK Pathan,23
Abhishek Sharma & H Klaasen,23
R Parag & YS Chahal,23
Mohammad Nabi & RG Sharma,23
Mandeep Singh & PP Shaw,23
BCJ Cutting & SA Yadav,23
DT Christian & PA Patel,23
M Kartik & SPD Smith,23
IK Pathan & RE van der Merwe,23
M Jansen & Shahbaz Ahmed,23
DW Steyn & P Kumar,23
KM Jadhav & WP Saha,23
IS Sodhi & R Parag,23
CH Gayle & MS Bisla,23
LRPL Taylor & P Negi,23
CJ Jordan & Mohammed Shami,23
RG Sharma & WPUJC Vaas,23
AM Nayar & KD Karthik,23
G Gambhir & PD Collingwood,23
R Tewatia & S Dube,23
B Sai Sudharsan & MS Wade,23
NK Patel & Younis Khan,23
B Sumanth & RG Sharma,23
LA Carseldine & NV Ojha,23
RV Uthappa & WD Parnell,23
R Vinay Kumar & SA Yadav,23
FY Fazal & MJ Lumb,23
FA Allen & M Shahrukh Khan,23
M Morkel & UT Yadav,23
C de Grandhomme & SP Jackson,23
DJ Hooda & GJ Maxwell,23
DJ Hooda & M Shahrukh Khan,23
JJ Bumrah & MJ McClenaghan,23
AB Agarkar & IK Pathan,23
KD Karthik & Mohammed Siraj,23
DR Sams & Ishan Kishan,23
JH Kallis & RN ten Doeschate,23
TL Suman & WPUJC Vaas,23
GR Napier & JP Duminy,23
NV Ojha & RJ Quiney,23
B Chipli & JH Kallis,23
CR Brathwaite & KK Nair,23
M Vohra & PA Patel,23
MA Agarwal & MC Henriques,23
KK Cooper & STR Binny,23
MW Short & PBB Rajapaksa,23
AG Paunikar & SR Watson,23
AB de Villiers & S Rana,22
DJ Willey & Vijaykumar Vyshak,22
NJ Maddinson & PA Patel,22
RV Patel & S Dhawan,22
IK Pathan & KL Rahul,22
SP Narine & YK Pathan,22
TM Srivastava & Yuvraj Singh,22
Ishan Kishan & SS Tiwary,22
B Kumar & M Markande,22
NS Naik & SE Marsh,22
DA Warner & RK Bhui,22
DB Das & G Gambhir,22
JH Kallis & P Kumar,22
BE Hendricks & DA Miller,22
TL Suman & Y Venugopal Rao,22
BJ Hodge & RV Gomez,22
A Ashish Reddy & PA Patel,22
MP Stoinis & PVD Chameera,22
PP Chawla & RR Powar,22
Harbhajan Singh & JJ Bumrah,22
AA Jhunjhunwala & MK Pandey,22
DJ Bravo & KM Jadhav,22
A Symonds & B Sumanth,22
IK Pathan & UT Yadav,22
JJ Roy & KD Karthik,22
SC Ganguly & Yuvraj Singh,22
HR Shokeen & PP Chawla,22
SB Styris & Shahid Afridi,22
KL Rahul & MK Tiwary,22
Abdul Samad & GD Phillips,22
S Dhawan & X Thalaivan Sargunam,22
R Tewatia & SH Johnson,22
GJ Bailey & M Vohra,22
A Mishra & Naveen-ul-Haq,22
RG Sharma & RJ Harris,22
MJ McClenaghan & RG Sharma,22
AD Mathews & NM Coulter-Nile,22
S Dhawan & Y Venugopal Rao,22
CL White & S Sohal,22
KK Cooper & OA Shah,22
KA Pollard & SL Malinga,22
KC Sangakkara & RR Powar,22
AT Rayudu & BR Dunk,22
C Sakariya & R Tewatia,22
P Dogra & S Narwal,22
KM Jadhav & Mohammad Nabi,22
AD Russell & JJ Roy,22
LH Ferguson & Shubman Gill,22
HH Pandya & V Shankar,22
Kuldeep Yadav & PP Chawla,22
GC Smith & M Manhas,22
G Gambhir & V Shankar,22
CH Gayle & GJ Maxwell,21
C de Grandhomme & CR Woakes,21
KH Pandya & PA Patel,21
MS Gony & S Badrinath,21
P Negi & S Badree,21
DJM Short & SV Samson,21
AA Kulkarni & KL Rahul,21
N Pooran & SN Khan,21
S Dhawan & SS Tiwary,21
MA Agarwal & SM Curran,21
AM Rahane & MDKJ Perera,21
DJ Hooda & NV Ojha,21
GJ Maxwell & Washington Sundar,21
A Mishra & KK Nair,21
AT Rayudu & R Sathish,21
KD Karthik & MG Bracewell,21
A Choudhary & S Aravind,21
GJ Bailey & SK Raina,21
KM Jadhav & KP Pietersen,21
B Lee & DPMD Jayawardene,21
SA Yadav & UT Yadav,21
B Kumar & S Dhawan,21
P Kumar & SB Joshi,21
B Kumar & R Sharma,21
AJ Finch & P Kumar,21
A Symonds & SR Tendulkar,21
GH Vihari & RS Bopara,21
LRPL Taylor & Y Nagar,21
IS Sodhi & JD Unadkat,21
A Symonds & Anirudh Singh,21
KM Jadhav & Vishnu Vinod,21
DA Warner & DJG Sammy,21
AS Rajpoot & JC Archer,21
RV Uthappa & YV Takawale,21
JA Morkel & S Tyagi,21
BB McCullum & M Vohra,21
M Muralitharan & SB Jakati,21
K Rabada & R Ashwin,21
D Padikkal & KL Rahul,21
Abdul Samad & Washington Sundar,21
Noor Ahmad & Rashid Khan,21
Shubman Gill & T Banton,21
DJ Hussey & R Sathish,21
D Brevis & SA Yadav,21
AB de Villiers & Shahbaz Ahmed,21
DL Vettori & J Syed Mohammad,21
R Dravid & RE van der Merwe,21
RR Powar & Yuvraj Singh,21
Pankaj Singh & SK Warne,21
MM Ali & P Negi,21
AD Mathews & WP Saha,21
DL Chahar & RA Jadeja,21
Abhishek Sharma & MK Pandey,21
AC Gilchrist & PP Chawla,21
DNT Zoysa & RG Sharma,21
CR Woakes & MK Pandey,21
Anmolpreet Singh & MA Agarwal,21
JJ Roy & PK Garg,21
MC Henriques & SS Tiwary,21
Ramandeep Singh & VR Iyer,21
DS Kulkarni & SL Malinga,20
Kartik Tyagi & S Gopal,20
PWH de Silva & SS Prabhudessai,20
Kuldeep Yadav & Mukesh Kumar,20
BA Stokes & RD Gaikwad,20
CH Morris & RA Jadeja,20
DL Vettori & MF Maharoof,20
DW Steyn & IK Pathan,20
SV Samson & T Shamsi,20
Kuldeep Yadav & MK Pandey,20
KD Karthik & MC Henriques,20
PP Chawla & RV Uthappa,20
F du Plessis & Harbhajan Singh,20
Rasikh Salam & T Stubbs,20
P Negi & SV Samson,20
AC Gilchrist & DA Miller,20
AL Menaria & KK Cooper,20
AC Gilchrist & M Vohra,20
A Mukund & V Kohli,20
Ankit Sharma & DW Steyn,20
A Raghuvanshi & PD Salt,20
KS Williamson & RS Bopara,20
PJ Cummins & RR Pant,20
AC Voges & MM Patel,20
JA Morkel & L Balaji,20
MK Tiwary & WP Saha,20
R Dhawan & SM Curran,20
Abishek Porel & DA Warner,20
AS Raut & DH Yagnik,20
MN Samuels & SS Iyer,20
KK Nair & V Kohli,20
PK Garg & WP Saha,20
KH Pandya & RD Chahar,20
AB McDonald & AB de Villiers,20
B Chipli & CL White,20
AJ Finch & Ishan Kishan,20
Harpreet Brar & R Ashwin,20
Harbhajan Singh & Z Khan,20
I Sharma & SC Ganguly,20
MA Agarwal & Mandeep Singh,20
DPMD Jayawardene & VVS Laxman,20
MM Sharma & WP Saha,20
AS Yadav & SB Bangar,20
KJ Abbott & SE Marsh,20
MA Agarwal & SS Tiwary,20
AA Bilakhia & RJ Harris,20
DJ Harris & PA Patel,20
AD Russell & P Negi,20
PP Chawla & R Sathish,20
KD Karthik & MG Johnson,20
PBB Rajapaksa & SM Curran,20
DJ Bravo & SS Tiwary,20
K Rabada & RR Pant,20
D Salunkhe & RA Jadeja,20
AB de Villiers & DT Christian,20
AJ Finch & DJG Sammy,20
Abdul Samad & RA Tripathi,19
MEK Hussey & PA Patel,19
AB de Villiers & JJ van der Wath,19
J Suchith & KS Williamson,19
N Rana & Rahmanullah Gurbaz,19
SPD Smith & TL Suman,19
RV Patel & SO Hetmyer,19
AB Agarkar & MN van Wyk,19
AM Rahane & JA Morkel,19
JP Duminy & PA Reddy,19
TR Birt & Y Venugopal Rao,19
MK Pandey & Rashid Khan,19
K Gowtham & Mohammed Shami,19
AR Patel & SE Marsh,19
A Mishra & TA Boult,19
MF Maharoof & VY Mahesh,19
Mohammed Shami & P Negi,19
A Mithun & SS Tiwary,19
B Laughlin & RA Jadeja,19
RJ Peterson & SR Tendulkar,19
JDP Oram & SK Raina,19
Anureet Singh & WP Saha,19
LS Livingstone & OF Smith,19
AJ Finch & DS Kulkarni,19
P Kumar & R McLaren,19
RR Raje & SM Pollock,19
AT Carey & MP Stoinis,19
Umar Gul & WP Saha,19
SA Yadav & SP Narine,19
DA Warner & J Botha,19
Harbhajan Singh & ST Jayasuriya,19
Basil Thampi & P Kumar,19
EJG Morgan & Mohammed Shami,19
Rashid Khan & S Nadeem,19
DJ Hooda & Harpreet Brar,19
CH Morris & SR Watson,19
R Parag & VR Aaron,19
R Sai Kishore & Rashid Khan,19
CA Pujara & WP Saha,19
CA Ingram & DA Warner,19
CH Gayle & DA Miller,19
SK Warne & Sohail Tanvir,19
DJ Hussey & Mohammad Hafeez,19
D Salunkhe & SK Trivedi,19
GJ Maxwell & RG Sharma,19
Harpreet Brar & MA Agarwal,19
LS Livingstone & PBB Rajapaksa,18
KD Karthik & PP Chawla,18
A Manohar & B Sai Sudharsan,18
JM Bairstow & SM Curran,18
RV Uthappa & SD Chitnis,18
DR Sams & RG Sharma,18
KV Sharma & Mohammed Siraj,18
HR Shokeen & TH David,18
AM Rahane & H Klaasen,18
Mohsin Khan & PVD Chameera,18
DL Vettori & KD Karthik,18
JC Buttler & S Gopal,18
CH Morris & R Parag,18
CV Varun & PJ Cummins,18
HV Patel & Mohammed Siraj,18
Anuj Rawat & Vijaykumar Vyshak,18
DG Nalkande & V Shankar,18
MJ Guptill & SE Marsh,18
CK Langeveldt & S Aravind,18
KK Nair & MM Sharma,18
MS Dhoni & SB Jakati,18
JC Archer & JD Unadkat,18
Anmolpreet Singh & Q de Kock,18
JD Unadkat & KA Pollard,18
N Rana & PD Salt,18
MS Dhoni & RA Tripathi,18
R Ashwin & R Bhatia,18
TR Birt & Y Nagar,18
N Pooran & SA Abbott,18
Gurkeerat Singh & PP Chawla,18
RD Gaikwad & SM Curran,18
BA Bhatt & PP Chawla,18
SP Jackson & YK Pathan,18
J Botha & MC Juneja,18
SMSM Senanayake & SP Narine,18
J Botha & SA Yadav,18
RR Powar & S Sreesanth,18
DA Warner & Virat Singh,18
M Manhas & MR Marsh,18
AM Nayar & PC Valthaty,18
PA Patel & S Rana,18
MK Tiwary & Washington Sundar,18
AA Jhunjhunwala & FY Fazal,18
JE Taylor & Yuvraj Singh,18
KA Pollard & MEK Hussey,18
SB Bangar & SC Ganguly,18
D Salunkhe & SK Warne,18
KA Pollard & TL Suman,18
KR Mayers & M Vohra,18
M Morkel & Y Nagar,18
AR Patel & VR Aaron,18
AP Majumdar & SPD Smith,18
OC McCoy & R Parag,18
MK Tiwary & S Kaul,18
MK Pandey & PP Chawla,18
JDS Neesham & S Nadeem,18
AR Patel & Anureet Singh,18
AR Patel & GJ Maxwell,17
RG Sharma & TH David,17
Lalit Yadav & MP Stoinis,17
B Chipli & DPMD Jayawardene,17
E Lewis & KA Pollard,17
LS Livingstone & RD Chahar,17
A Choudhary & YS Chahal,17
Harpreet Brar & LS Livingstone,17
AJ Finch & JP Faulkner,17
DA Warner & Y Nagar,17
B Kumar & KV Sharma,17
DW Steyn & JP Duminy,17
RN ten Doeschate & RV Uthappa,17
AD Mathews & M Rawat,17
DS Kulkarni & RR Raje,17
Ramandeep Singh & SA Yadav,17
NV Ojha & V Shankar,17
RE van der Merwe & V Sehwag,17
BCJ Cutting & DJ Hooda,17
JD Unadkat & TK Curran,17
M Rawat & SK Warne,17
Mujeeb Ur Rahman & R Ashwin,17
M Manhas & MS Dhoni,17
R Parag & STR Binny,17
S Badrinath & SP Fleming,17
JJ Roy & Mandeep Singh,17
SP Narine & UT Yadav,17
KD Karthik & Saurav Chauhan,17
KD Karthik & R Bhatia,17
Harbhajan Singh & PP Ojha,17
SK Raina & SW Billings,17
KK Cooper & KK Nair,17
IK Pathan & MS Dhoni,17
Kuldeep Yadav & MG Johnson,17
A Nortje & SN Thakur,17
AD Russell & R Sathish,17
H Klaasen & SV Samson,17
FY Fazal & R Dravid,17
PP Chawla & TK Curran,17
AM Nayar & Gurkeerat Singh,17
P Dogra & SW Tait,17
SN Khan & TG Southee,17
A Ashish Reddy & MC Henriques,17
MA Starc & V Kohli,17
HM Amla & MP Stoinis,17
SL Malinga & Z Khan,17
MC Henriques & R Vinay Kumar,17
DA Miller & P Kumar,17
HV Patel & Harpreet Brar,17
KM Jadhav & MK Tiwary,17
R Ashwin & S Badrinath,17
HE van der Dussen & SO Hetmyer,17
B Sumanth & R Sharma,17
CJ Anderson & KK Nair,17
C Green & GJ Maxwell,17
K Rabada & M Shahrukh Khan,17
Bipul Sharma & P Kumar,17
RK Bhui & RR Pant,17
R Dravid & R Vinay Kumar,17
AB Agarkar & CA Pujara,17
RK Singh & SP Jackson,17
MEK Hussey & RA Jadeja,17
DJG Sammy & KC Sangakkara,17
JR Hopes & TR Birt,17
B Akhil & Misbah-ul-Haq,17
EJG Morgan & Kuldeep Yadav,17
GJ Maxwell & Gurkeerat Singh,17
A Mishra & SS Tiwary,17
DR Smith & KA Pollard,17
Abdul Samad & PJ Cummins,17
Mandeep Singh & PA Patel,17
GC Smith & MK Pandey,17
A Nortje & Aman Hakim Khan,17
JP Duminy & Z Khan,17
Anmolpreet Singh & SA Yadav,17
AR Patel & KMA Paul,17
KC Cariappa & M Vohra,17
P Dubey & R Ashwin,17
MA Agarwal & P Simran Singh,17
AB de Villiers & Vishnu Vinod,16
Arshad Khan & Ravi Bishnoi,16
WP Saha & YK Pathan,16
PA Patel & UBT Chand,16
RJ Quiney & SA Asnodkar,16
KL Rahul & Y Venugopal Rao,16
JO Holder & V Shankar,16
JO Holder & MP Stoinis,16
S Aravind & TM Head,16
Harpreet Brar & K Rabada,16
K Upadhyay & SPD Smith,16
KD Karthik & Shivam Mavi,16
BJ Hodge & R Tewatia,16
KD Karthik & Sunny Singh,16
Mandeep Singh & SC Ganguly,16
NM Coulter-Nile & SS Tiwary,16
DA Warner & KS Bharat,16
H Klaasen & Sanvir Singh,16
CJ Jordan & M Shahrukh Khan,16
Mohammad Hafeez & Salman Butt,16
Ashutosh Sharma & LS Livingstone,16
A Ashish Reddy & JP Duminy,16
KC Cariappa & Sandeep Sharma,16
PWH de Silva & Shahbaz Ahmed,16
DL Vettori & JJ van der Wath,16
AL Menaria & SP Goswami,16
KS Williamson & Washington Sundar,16
LRPL Taylor & SPD Smith,16
DW Steyn & I Sharma,16
G Gambhir & KM Jadhav,16
STR Binny & Sachin Baby,16
PJ Sangwan & RA Jadeja,16
Jaskaran Singh & RG Sharma,16
P Negi & TM Head,16
MK Pandey & S Dhawan,16
AJ Turner & KH Pandya,16
KV Sharma & Y Venugopal Rao,16
DR Sams & TH David,16
JD Ryder & Yuvraj Singh,16
AS Rajpoot & Mujeeb Ur Rahman,16
NK Patel & YK Pathan,16
PP Chawla & Tilak Varma,16
MA Starc & R Rampaul,16
C de Grandhomme & PA Patel,16
M Muralitharan & S Aravind,16
KL Nagarkoti & RA Tripathi,16
B Lee & RN ten Doeschate,16
R Ashwin & S Anirudha,16
JA Morkel & NM Coulter-Nile,16
A Symonds & AT Rayudu,16
AR Patel & Karanveer Singh,16
CH Gayle & MN van Wyk,16
C de Grandhomme & SA Yadav,16
GB Hogg & PP Chawla,16
B Laughlin & MS Dhoni,16
GB Hogg & RN ten Doeschate,16
IK Pathan & SM Katich,16
B Lee & IK Pathan,16
CR Brathwaite & SS Iyer,16
Sachin Baby & TM Head,16
AR Patel & M Vijay,16
GJ Maxwell & JJ Roy,16
B Akhil & RA Jadeja,16
AD Nath & SK Raina,16
AR Patel & R Ashwin,16
J Arunkumar & S Chanderpaul,16
T Kohli & YK Pathan,16
AR Patel & RR Rossouw,16
DB Ravi Teja & RP Singh,16
A Kumble & R Vinay Kumar,16
BB Samantray & CL White,16
DPMD Jayawardene & WA Mota,16
BCJ Cutting & Bipul Sharma,16
Harpreet Singh & RV Uthappa,16
SR Watson & TM Head,16
Arjun Tendulkar & JP Behrendorff,15
S Gopal & TK Curran,15
CM Gautam & MA Agarwal,15
JH Kallis & Shakib Al Hasan,15
DR Smith & RP Singh,15
CH Morris & MS Dhoni,15
B Kumar & S Kaul,15
N Pooran & Ravi Bishnoi,15
KK Nair & PJ Cummins,15
CJ Jordan & N Pooran,15
BA Stokes & MM Ali,15
S Aravind & YS Chahal,15
DJG Sammy & X Thalaivan Sargunam,15
IK Pathan & S Sohal,15
AJ Finch & AP Tare,15
JP Faulkner & PP Chawla,15
LR Shukla & T Taibu,15
DJ Mitchell & Sameer Rizvi,15
Kuldeep Yadav & UT Yadav,15
CH Morris & TG Southee,15
AM Nayar & R McLaren,15
R Parag & RV Uthappa,15
CA Lynn & NS Naik,15
HC Brook & RA Tripathi,15
PP Chawla & Yuvraj Singh,15
DPMD Jayawardene & UBT Chand,15
Iqbal Abdulla & P Negi,15
C Green & Swapnil Singh,15
MC Henriques & N Pooran,15
KM Jadhav & Mandeep Singh,15
MG Johnson & MM Sharma,15
PP Chawla & UT Yadav,15
A Mishra & K Rabada,15
CA Ingram & MS Wade,15
AB Agarkar & M Morkel,15
MM Patel & RA Jadeja,15
KK Nair & UBT Chand,15
JR Hazlewood & PWH de Silva,15
AD Russell & TG Southee,15
JPR Scantlebury-Searles & Shubman Gill,15
JA Morkel & SB Styris,15
A Mishra & SS Iyer,15
MS Dhoni & Mukesh Choudhary,15
A Mishra & J Theron,15
Mohammad Nabi & WP Saha,15
A Badoni & JD Unadkat,15
DT Christian & Shahbaz Ahmed,15
AT Rayudu & DR Shorey,15
PA Patel & SO Hetmyer,15
Harpreet Singh & P Simran Singh,15
RA Tripathi & S Gopal,15
SP Goswami & V Kohli,15
AT Rayudu & STR Binny,15
B Chipli & V Sehwag,15
DAJ Bracewell & IK Pathan,15
MJ McClenaghan & Yuvraj Singh,15
Arshdeep Singh & R Dhawan,15
AJ Tye & KL Rahul,15
DT Christian & SS Iyer,15
DJ Bravo & KD Karthik,15
AK Markram & B Kumar,15
DS Kulkarni & JC Buttler,15
AD Mascarenhas & PP Chawla,15
AUK Pathan & MA Agarwal,15
DJ Bravo & DL Chahar,15
Gurkeerat Singh & MM Sharma,15
PK Garg & SN Khan,15
A Mishra & A Nehra,15
R Bhatia & SPD Smith,15
KM Jadhav & UT Yadav,15
Shivam Mavi & Shubman Gill,15
MK Pandey & MV Boucher,14
Mohammed Siraj & RJW Topley,14
D Pretorius & Simarjeet Singh,14
MJ Santner & RV Uthappa,14
JJ Roy & Liton Das,14
CR Brathwaite & RR Pant,14
CH Morris & DA Miller,14
AR Patel & Swapnil Singh,14
KS Sharma & Q de Kock,14
RD Gaikwad & SN Thakur,14
KS Williamson & Parvez Rasool,14
KAJ Roach & RG Sharma,14
VVS Laxman & Y Venugopal Rao,14
STR Binny & TG Southee,14
N Rana & Shakib Al Hasan,14
JJ Bumrah & Ramandeep Singh,14
F du Plessis & RA Tripathi,14
NK Patel & SA Asnodkar,14
R Powell & SB Dubey,14
JJ Bumrah & KH Pandya,14
MF Maharoof & MK Tiwary,14
DJ Mitchell & R Ravindra,14
J Arunkumar & MV Boucher,14
HH Pandya & JJ Bumrah,14
DJ Hooda & SV Samson,14
L Ablish & P Kumar,14
K Rabada & P Dubey,14
J Botha & NK Patel,14
N Saini & PC Valthaty,14
J Botha & NV Ojha,14
Bipul Sharma & P Dogra,14
P Negi & SR Watson,14
DT Christian & I Malhotra,14
S Dhawan & Sikandar Raza,14
MS Gony & SK Raina,14
RD Gaikwad & SK Raina,14
CH Gayle & SA Abbott,14
Kuldeep Yadav & Mustafizur Rahman,14
HR Shokeen & N Wadhera,14
R Tewatia & UT Yadav,14
M Rawat & RA Jadeja,14
RR Rossouw & SM Curran,14
AC Gilchrist & R Sathish,14
KM Jadhav & PWH de Silva,14
C de Grandhomme & YK Pathan,14
LRPL Taylor & R Vinay Kumar,14
R Ashwin & T Thushara,14
B Kumar & Bipul Sharma,14
A Manohar & WP Saha,14
KD Karthik & KV Sharma,14
R Bhatia & R McLaren,14
KC Sangakkara & RR Sarwan,14
JM Kemp & SK Raina,14
Anureet Singh & SN Thakur,14
B Kumar & P Kumar,14
DL Chahar & SN Thakur,14
AC Voges & P Dogra,14
AR Patel & I Sharma,14
H Klaasen & K Gowtham,14
CM Gautam & Z Khan,14
Abdur Razzak & R Dravid,14
DB Das & EJG Morgan,14
DA Warner & J Fraser-McGurk,14
DL Chahar & R Bhatia,14
A Mishra & DL Vettori,14
AM Rahane & MM Ali,14
JA Morkel & SS Tiwary,14
A Nehra & M Morkel,14
S Gopal & STR Binny,14
CM Gautam & M Morkel,14
IK Pathan & MC Henriques,14
LS Livingstone & RA Bawa,14
MJ Santner & MS Dhoni,14
AJ Finch & B Indrajith,14
AM Nayar & B Kumar,14
D du Preez & RE van der Merwe,13
CH Gayle & STR Binny,13
AR Bawne & CH Morris,13
RA Jadeja & WP Saha,13
MS Dhoni & N Jagadeesan,13
KV Sharma & Swapnil Singh,13
A Mishra & PD Collingwood,13
C Green & WG Jacks,13
KA Pollard & PP Ojha,13
SH Johnson & UT Yadav,13
MP Stoinis & SPD Smith,13
KS Williamson & Rashid Khan,13
A Mishra & KV Sharma,13
G Gambhir & GJ Maxwell,13
GJ Bailey & NLTC Perera,13
Kartik Tyagi & R Tewatia,13
AS Raut & NV Ojha,13
DA Miller & MM Sharma,13
MM Sharma & VR Aaron,13
CA Ingram & GH Vihari,13
A Mishra & JP Duminy,13
A Mishra & KM Jadhav,13
DJ Mitchell & MS Dhoni,13
AM Rahane & YV Takawale,13
CA Lynn & JP Duminy,13
T Henderson & YK Pathan,13
A Nehra & M Kartik,13
Mandeep Singh & Rahmanullah Gurbaz,13
Bipul Sharma & S Dhawan,13
JJ Bumrah & KA Pollard,13
JJ Bumrah & RD Chahar,13
A Nel & RV Uthappa,13
DT Christian & Washington Sundar,13
Avesh Khan & TA Boult,13
RS Bopara & S Dhawan,13
SP Narine & Shivam Mavi,13
Harbhajan Singh & SM Pollock,13
RR Rossouw & Yuvraj Singh,13
A Mishra & CH Morris,13
Harbhajan Singh & KD Karthik,13
DJ Bravo & SM Pollock,13
HV Patel & Shahbaz Ahmed,13
CJ Jordan & Sachin Baby,13
AK Markram & Sanvir Singh,13
Anureet Singh & MM Sharma,13
A Zampa & TA Boult,13
JP Duminy & S Sohal,13
A Symonds & R Sathish,13
R Sharma & WD Parnell,13
LRPL Taylor & S Chanderpaul,13
PR Shah & YV Takawale,13
B Stanlake & DJ Hooda,13
RV Uthappa & UA Birla,13
AD Russell & IK Pathan,13
J Suchith & RA Tripathi,13
VG Arora & VR Iyer,13
PP Chawla & VS Malik,13
R Sathish & RV Uthappa,13
B Lee & EJG Morgan,13
BB McCullum & P Negi,13
SN Thakur & SP Narine,13
A Ashish Reddy & DT Christian,13
PP Chawla & S Sohal,13
IK Pathan & KV Sharma,13
B Kumar & JO Holder,13
M Morkel & VR Aaron,13
JH Kallis & LR Shukla,13
B Chipli & DW Steyn,13
JP Duminy & SA Yadav,13
PSP Handscomb & SS Tiwary,13
L Wood & PP Chawla,13
AM Nayar & S Dhawan,13
Anirudh Singh & TL Suman,13
CJ Anderson & UBT Chand,13
K Goel & SE Marsh,13
K Gowtham & Naveen-ul-Haq,13
K Gowtham & S Gopal,13
Navdeep Saini & Washington Sundar,13
AC Gilchrist & DJ Hussey,13
AM Nayar & KW Richardson,13
JR Philippe & V Kohli,13
DJG Sammy & DW Steyn,13
AA Chavan & SP Goswami,13
EJG Morgan & RV Uthappa,13
BMAJ Mendis & IK Pathan,13
CJ Jordan & MS Dhoni,13
AA Noffke & P Kumar,12
CRD Fernando & SD Chitnis,12
A Badoni & Swapnil Singh,12
AD Mathews & M Manhas,12
GH Vihari & MC Henriques,12
RP Singh & WPUJC Vaas,12
MJ Santner & RD Gaikwad,12
DPMD Jayawardene & S Nadeem,12
M Ntini & MS Gony,12
Mohammed Siraj & Washington Sundar,12
DH Yagnik & SV Samson,12
HE van der Dussen & TA Boult,12
MK Lomror & R Tewatia,12
M Markande & MJ McClenaghan,12
KJ Abbott & R Dhawan,12
GH Vihari & KV Sharma,12
K Gowtham & N Pooran,12
CL White & P Kumar,12
Harpreet Brar & P Simran Singh,12
AJ Finch & VR Iyer,12
A Ashish Reddy & CL White,12
R Dravid & SA Asnodkar,12
DL Vettori & V Kohli,12
A Nortje & K Rabada,12
DPMD Jayawardene & RV Gomez,12
M Shahrukh Khan & Mohammed Shami,12
CJ Anderson & J Suchith,12
Bipul Sharma & S Sreesanth,12
DR Shorey & M Vijay,12
CA Ingram & SE Rutherford,12
Kuldeep Yadav & TK Curran,12
AS Joseph & B Sai Sudharsan,12
D Padikkal & JE Root,12
P Sahu & Sandeep Sharma,12
RN ten Doeschate & UT Yadav,12
AB de Villiers & CA Pujara,12
KL Nagarkoti & Shubman Gill,12
DB Das & R McLaren,12
DB Ravi Teja & FH Edwards,12
Imran Tahir & KM Jadhav,12
F du Plessis & MK Lomror,12
D Wiese & KM Jadhav,12
DJ Muthuswami & JA Morkel,12
RA Jadeja & TU Deshpande,12
L Balaji & SMSM Senanayake,12
CR Brathwaite & MK Pandey,12
JC Archer & JC Buttler,12
AS Yadav & Y Venugopal Rao,12
PP Chawla & SJ Srivastava,12
DR Smith & MS Dhoni,12
AS Raut & LA Carseldine,12
LA Carseldine & SA Asnodkar,12
N Pooran & S Gopal,12
JP Faulkner & SK Raina,12
KP Pietersen & NV Ojha,12
Harpreet Brar & MC Henriques,12
DA Miller & LH Ferguson,12
JM Bairstow & JM Sharma,12
CH Morris & Gurkeerat Singh,12
KD Karthik & R Vinay Kumar,12
Avesh Khan & PVD Chameera,12
P Negi & S Aravind,12
DW Steyn & LRPL Taylor,12
M Ashwin & TH David,12
Lalit Yadav & TK Curran,12
Dhruv Jurel & JC Buttler,12
Harbhajan Singh & NM Coulter-Nile,12
JO Holder & Q de Kock,12
JO Holder & R Sathish,12
LMP Simmons & MJ McClenaghan,12
E Lewis & PVD Chameera,12
C Munro & YK Pathan,12
HV Patel & RR Rossouw,12
Kuldeep Yadav & LB Williams,12
FY Fazal & P Dogra,12
A Nehra & AM Nayar,12
Kamran Akmal & T Kohli,12
AB de Villiers & HV Patel,12
H Klaasen & PJ Cummins,12
LR Shukla & SC Ganguly,12
LRPL Taylor & RE van der Merwe,12
P Negi & V Kohli,12
KD Karthik & RJ Harris,12
SE Rutherford & SS Iyer,12
KS Williamson & KV Sharma,12
Rashid Khan & S Kaul,12
CH Morris & CR Brathwaite,12
DA Miller & MS Gony,12
Mohammed Shami & Noor Ahmad,12
G Gambhir & R Tewatia,12
Azhar Mahmood & RJ Harris,12
SK Trivedi & SK Warne,12
AT Rayudu & BA Stokes,12
Ankit Sharma & CH Morris,12
KR Mayers & PN Mankad,12
C Green & SS Prabhudessai,12
VR Aaron & YS Chahal,12
A Mishra & Ravi Bishnoi,11
MA Khote & SM Pollock,11
S Kaul & UT Yadav,11
E Lewis & KL Rahul,11
LPC Silva & SB Styris,11
AL Menaria & DH Yagnik,11
P Negi & Y Venugopal Rao,11
D Padikkal & DT Christian,11
AM Rahane & K Gowtham,11
CR Woakes & K Rabada,11
DT Christian & RA Tripathi,11
DPMD Jayawardene & S Sreesanth,11
AM Nayar & SPD Smith,11
M Manhas & NL McCullum,11
KM Jadhav & M Vijay,11
CH Morris & R Ashwin,11
G Gambhir & RN ten Doeschate,11
AM Nayar & MA Khote,11
M Prasidh Krishna & R Parag,11
AD Mathews & AP Majumdar,11
DS Kulkarni & P Kumar,11
CH Morris & DJ Bravo,11
KM Jadhav & UBT Chand,11
KM Jadhav & WD Parnell,11
AM Rahane & MP Stoinis,11
F du Plessis & NLTC Perera,11
AJ Turner & SV Samson,11
Sandeep Sharma & T Natarajan,11
DS Kulkarni & S Gopal,11
AG Murtaza & Harbhajan Singh,11
MM Sharma & SN Thakur,11
DT Christian & MS Gony,11
AJ Finch & N Rana,11
CR Brathwaite & KD Karthik,11
MK Pandey & S Kaul,11
MK Tiwary & S Nadeem,11
Kuldeep Yadav & SN Thakur,11
AD Mascarenhas & AS Raut,11
Shahbaz Ahmed & Washington Sundar,11
Shahid Afridi & VVS Laxman,11
CA Pujara & SS Tiwary,11
M Morkel & SK Trivedi,11
CV Varun & LH Ferguson,11
LS Livingstone & S Dube,11
A Mishra & Z Khan,11
DPMD Jayawardene & M Kaif,11
Azhar Mahmood & R Sathish,11
B Lee & VRV Singh,11
JH Kallis & S Sriram,11
KH Pandya & KR Mayers,11
AB Barath & RS Bopara,11
D du Preez & R Vinay Kumar,11
SA Asnodkar & SK Warne,11
RA Jadeja & SD Chitnis,11
RP Singh & Shahid Afridi,11
J Yadav & KH Pandya,11
DJ Bravo & MA Wood,11
AB Dinda & VR Aaron,11
Gurkeerat Singh & Mandeep Singh,11
KA Pollard & RD Chahar,11
BJ Hodge & KK Cooper,11
SP Jackson & SS Iyer,11
BB Sran & KH Pandya,11
JD Unadkat & K Gowtham,11
GJ Maxwell & R Tewatia,11
JA Morkel & RA Jadeja,11
KC Cariappa & MM Sharma,11
TH David & Vishnu Vinod,11
IK Pathan & RS Sodhi,11
Avesh Khan & Mohsin Khan,11
BB McCullum & DJ Bravo,11
RV Uthappa & SB Wagh,11
AT Rayudu & S Gopal,11
PP Chawla & S Sreesanth,11
MS Bisla & YK Pathan,11
BJ Hodge & Yashpal Singh,11
DH Yagnik & SR Watson,11
PA Patel & VVS Laxman,11
Mohammad Nabi & TH David,11
CA Lynn & Ishan Kishan,11
B Kumar & WD Parnell,11
JM Bairstow & R Dhawan,11
SR Watson & Sohail Tanvir,11
Mandeep Singh & R McLaren,11
Mujeeb Ur Rahman & N Pooran,11
DH Yagnik & OA Shah,11
R Sathish & SL Malinga,11
Q de Kock & SW Billings,10
KV Sharma & V Kohli,10
V Shankar & Virat Singh,10
MM Ali & UT Yadav,10
LR Shukla & RS Gavaskar,10
Azmatullah Omarzai & R Tewatia,10
F du Plessis & Saurav Chauhan,10
H Klaasen & PA Patel,10
S Badree & V Kohli,10
Mandeep Singh & Mujeeb Ur Rahman,10
JC Buttler & P Chopra,10
HV Patel & K Rabada,10
JP Faulkner & KD Karthik,10
PJ Sangwan & R Bhatia,10
NT Ellis & S Dhawan,10
BCJ Cutting & MJ McClenaghan,10
MJ Suthar & V Shankar,10
M Morkel & SK Warne,10
JEC Franklin & R Sathish,10
M Morkel & RA Jadeja,10
K Gowtham & MA Wood,10
DJ Willey & KV Sharma,10
JEC Franklin & SA Yadav,10
F du Plessis & MA Agarwal,10
K Goel & LA Pomersbach,10
DA Miller & R Ashwin,10
M Manhas & WD Parnell,10
HH Pandya & SZ Mulani,10
Ramandeep Singh & Tilak Varma,10
Akash Madhwal & JJ Bumrah,10
DJ Hooda & KK Nair,10
M Rawat & SK Trivedi,10
JD Unadkat & STR Binny,10
RK Singh & SW Billings,10
M Rawat & Sohail Tanvir,10
JJ Bumrah & M Markande,10
AF Milne & V Kohli,10
PK Garg & RR Rossouw,10
AJ Finch & MA Agarwal,10
B Kumar & Fazalhaq Farooqi,10
Kuldeep Yadav & Kumar Kushagra,10
R Sharma & RG Sharma,10
DE Bollinger & SB Jakati,10
JR Hopes & S Nadeem,10
LA Pomersbach & S Sohal,10
DJ Hussey & P Awana,10
R Bhatia & STR Binny,10
Mandeep Singh & SD Chitnis,10
GJ Maxwell & Sachin Baby,10
GC Smith & PC Valthaty,10
AD Russell & Shivam Mavi,10
KD Karthik & T Banton,10
SR Watson & SW Billings,10
A Zampa & SO Hetmyer,10
WA Mota & Yuvraj Singh,10
MR Marsh & PK Garg,10
DJ Hussey & P Dogra,10
Lalit Yadav & R Ashwin,10
EJG Morgan & HM Amla,10
A Mithun & AB de Villiers,10
A Mishra & NLTC Perera,10
AS Raut & FY Fazal,10
PP Ojha & SL Malinga,10
CH Gayle & KM Jadhav,10
Iqbal Abdulla & MK Tiwary,10
KL Rahul & Yuvraj Singh,10
MC Henriques & SC Ganguly,10
CR Brathwaite & PP Chawla,10
NJ Maddinson & V Kohli,10
R Ashwin & SS Tiwary,10
Bipul Sharma & N Saini,10
AR Patel & MK Tiwary,10
DR Smith & MK Pandey,10
DJG Sammy & PA Patel,10
PA Patel & UT Yadav,10
AN Ahmed & HV Patel,10
DJ Bravo & R Sathish,10
Harbhajan Singh & R Dhawan,10
NJ Rimmington & R McLaren,10
KS Sharma & N Pooran,10
GJ Maxwell & TH David,10
A Ashish Reddy & DB Ravi Teja,10
AN Ahmed & VR Aaron,10
AR Patel & Sumit Kumar,10
JEC Franklin & TL Suman,9
Lalit Yadav & T Stubbs,9
Avesh Khan & K Rabada,9
R Bhatia & Shakib Al Hasan,9
BE Hendricks & R Dhawan,9
DL Chahar & SM Curran,9
AM Nayar & P Kumar,9
JM Sharma & Sikandar Raza,9
DW Steyn & NLTC Perera,9
DJ Bravo & R McLaren,9
B Chipli & IR Jaggi,9
MS Wade & V Shankar,9
DJ Hooda & KS Sharma,9
DNT Zoysa & H Das,9
A Symonds & SB Styris,9
LS Livingstone & R Parag,9
LMP Simmons & SS Tiwary,9
Ankit Sharma & DS Kulkarni,9
DJ Bravo & YV Takawale,9
BJ Rohrer & IK Pathan,9
MK Pandey & R Sathish,9
Anuj Rawat & MK Lomror,9
RA Jadeja & SA Asnodkar,9
DJ Bravo & KA Pollard,9
AA Chavan & AL Menaria,9
Ankit Soni & Basil Thampi,9
AJ Turner & AM Rahane,9
R Shepherd & RG Sharma,9
BJ Hodge & Sachin Baby,9
SC Ganguly & SPD Smith,9
Anureet Singh & Karanveer Singh,9
Harbhajan Singh & TG Southee,9
M Kaif & RS Bopara,9
DJ Bravo & SM Curran,9
JP Behrendorff & K Kartikeya,9
RA Tripathi & Shashank Singh,9
AC Thomas & SPD Smith,9
Harbhajan Singh & KH Pandya,9
LR Shukla & M Vijay,9
A Tomar & N Rana,9
Dhruv Jurel & YBK Jaiswal,9
Anmolpreet Singh & TM Head,9
AL Menaria & JDP Oram,9
K Gowtham & SN Khan,9
FY Fazal & SK Warne,9
AS Roy & SP Narine,9
DPMD Jayawardene & J Botha,9
JA Morkel & V Kohli,9
KS Sharma & M Vohra,9
S Nadeem & UT Yadav,9
A Raghuvanshi & VR Iyer,9
KD Karthik & S Dhawan,9
B Kumar & Umran Malik,9
C Sakariya & Kartik Tyagi,9
AT Rayudu & RE Levi,9
Sandeep Sharma & YK Pathan,9
Gurkeerat Singh & H Klaasen,9
R Powell & TA Boult,9
AT Rayudu & TL Suman,9
KV Sharma & NV Ojha,9
B Kumar & SPD Smith,9
CH Morris & JA Morkel,9
Imran Tahir & S Nadeem,9
OA Shah & STR Binny,9
A Nortje & RV Patel,9
J Botha & STR Binny,9
GD Phillips & MA Agarwal,9
CR Woakes & Washington Sundar,9
DB Das & Shakib Al Hasan,9
KM Jadhav & MC Juneja,9
GC Viljoen & Harpreet Brar,9
J Botha & OA Shah,9
AS Rajpoot & MS Dhoni,9
P Dogra & PP Chawla,9
DB Ravi Teja & DR Smith,9
DPMD Jayawardene & T Kohli,9
B Sai Sudharsan & PJ Sangwan,9
MG Johnson & P Sahu,9
DR Martyn & P Dogra,9
AS Raut & SM Harwood,9
MA Starc & Ramandeep Singh,9
S Sreesanth & YA Abdulla,9
AB de Villiers & GHS Garton,9
HE van der Dussen & SV Samson,9
JDS Neesham & M Prasidh Krishna,9
SC Ganguly & WD Parnell,9
RR Pant & TK Curran,9
KA Jamieson & YS Chahal,9
JDP Oram & ML Hayden,9
HH Gibbs & Y Venugopal Rao,9
JDP Oram & MS Gony,9
AM Nayar & RJ Harris,9
AB Agarkar & AD Mathews,9
BCJ Cutting & DA Warner,9
DH Yagnik & R Bhatia,9
HH Gibbs & RJ Harris,9
F du Plessis & MM Sharma,9
Harbhajan Singh & R Sathish,9
M Rawat & NK Patel,9
RK Singh & TK Curran,9
AJ Finch & MP Stoinis,9
IK Pathan & P Negi,9
AM Nayar & Parvez Rasool,9
KC Cariappa & Y Prithvi Raj,9
CH Morris & Q de Kock,9
B Kumar & M Kartik,9
Iqbal Abdulla & YK Pathan,8
R Sharma & TL Suman,8
M Prasidh Krishna & YS Chahal,8
JE Root & SO Hetmyer,8
CV Varun & KL Nagarkoti,8
ND Doshi & SW Tait,8
JDP Oram & R Ashwin,8
A Mithun & CK Langeveldt,8
I Sharma & Kuldeep Yadav,8
AD Mathews & LRPL Taylor,8
AD Mascarenhas & Bipul Sharma,8
M Rawat & MR Marsh,8
Shashank Singh & Washington Sundar,8
Harpreet Brar & OF Smith,8
AD Russell & LRPL Taylor,8
AD Mascarenhas & P Kumar,8
JJ Bumrah & SL Malinga,8
A Mithun & R Dravid,8
DB Ravi Teja & RJ Harris,8
M Kartik & NL McCullum,8
JD Unadkat & M Ashwin,8
M Rawat & WD Parnell,8
M Vohra & PP Chawla,8
MK Pandey & MR Marsh,8
CL White & DW Steyn,8
R Bishnoi & V Kohli,8
B Lee & Iqbal Abdulla,8
Imran Tahir & JA Morkel,8
M Manhas & R Sharma,8
MG Johnson & Shivam Mavi,8
M Kaif & RA Jadeja,8
PP Ojha & Y Venugopal Rao,8
AD Russell & MA Starc,8
MJ Guptill & N Rana,8
KH Pandya & Mohsin Khan,8
D Padikkal & Washington Sundar,8
K Gowtham & R Parag,8
P Negi & Sunny Gupta,8
CH Morris & S Nadeem,8
SK Trivedi & SW Tait,8
AB McDonald & DL Vettori,8
Jaskaran Singh & TL Suman,8
Abhishek Sharma & DA Warner,8
CJ Ferguson & MK Pandey,8
C Green & N Wadhera,8
AS Raut & RA Jadeja,8
K Goel & PP Chawla,8
MR Marsh & MS Dhoni,8
Anirudh Singh & DR Smith,8
KMDN Kulasekara & R Ashwin,8
KP Appanna & P Kumar,8
AM Nayar & PP Chawla,8
MV Boucher & Z Khan,8
AB Dinda & R Rampaul,8
G Gambhir & Shakib Al Hasan,8
Abhishek Sharma & WP Saha,8
C Green & KV Sharma,8
AS Roy & SS Iyer,8
CH Gayle & TM Head,8
DA Miller & NLTC Perera,8
AN Ghosh & BB McCullum,8
K Rabada & R Dhawan,8
RK Singh & RV Uthappa,8
KA Pollard & M Markande,8
C Ganapathy & SK Raina,8
D Padikkal & HE van der Dussen,8
K Yadav & Mustafizur Rahman,8
AB de Villiers & R Bhatia,8
AN Ahmed & D Wiese,8
A Mishra & NM Coulter-Nile,8
JO Holder & MK Pandey,8
JR Hopes & M Morkel,8
Navdeep Saini & YS Chahal,8
HV Patel & MA Starc,8
MM Sharma & Swapnil Singh,8
CA Ingram & Y Venugopal Rao,8
GC Viljoen & Mandeep Singh,8
MK Pandey & ST Jayasuriya,8
Ravi Bishnoi & Yudhvir Singh,8
MS Dhoni & PA Patel,8
RR Rossouw & VR Aaron,8
DJ Hussey & P Kumar,8
KM Jadhav & M Muralitharan,8
KM Jadhav & M Morkel,8
DW Steyn & R Vinay Kumar,8
KK Nair & MP Stoinis,8
Bipul Sharma & Rashid Khan,8
S Dhawan & Shoaib Malik,8
KM Jadhav & S Nadeem,8
LRPL Taylor & MK Tiwary,8
GJ Maxwell & Y Venugopal Rao,8
LR Shukla & SS Shaikh,8
Ankit Soni & RA Jadeja,8
D Pretorius & RA Jadeja,8
KD Karthik & R McLaren,8
LR Shukla & Salman Butt,8
DR Smith & Harbhajan Singh,7
Abdul Samad & MA Agarwal,7
KD Karthik & RJ Peterson,7
CH Gayle & YV Takawale,7
BB McCullum & MK Tiwary,7
AT Rayudu & MEK Hussey,7
DJ Hooda & Ravi Bishnoi,7
KV Sharma & MJ McClenaghan,7
TG Southee & UT Yadav,7
Fazalhaq Farooqi & M Markande,7
PP Chawla & Shakib Al Hasan,7
M de Lange & S Gopal,7
AT Rayudu & NLTC Perera,7
Arshdeep Singh & VG Arora,7
KS Sharma & MP Stoinis,7
AT Rayudu & DR Smith,7
R Dhawan & WP Saha,7
CR Woakes & R Ashwin,7
BA Stokes & DJM Short,7
KK Nair & SO Hetmyer,7
DPMD Jayawardene & JR Hopes,7
MG Johnson & MJ McClenaghan,7
MC Juneja & S Nadeem,7
AB McDonald & V Kohli,7
MC Henriques & WP Saha,7
CR Brathwaite & SV Samson,7
J Suchith & MJ McClenaghan,7
D du Preez & P Kumar,7
MM Sharma & SE Marsh,7
B Sai Sudharsan & LH Ferguson,7
GB Hogg & SK Trivedi,7
B Lee & Yuvraj Singh,7
KH Pandya & SS Tiwary,7
PA Patel & S Badrinath,7
JA Morkel & JP Duminy,7
MP Stoinis & UT Yadav,7
MA Starc & RR Rossouw,7
TG Southee & YS Chahal,7
MG Johnson & SL Malinga,7
DR Sams & KA Pollard,7
DB Ravi Teja & KC Sangakkara,7
R McLaren & Sunny Singh,7
MM Patel & SK Warne,7
SN Khan & STR Binny,7
Naman Dhir & R Shepherd,7
Abdul Samad & Sanvir Singh,7
A Mishra & J Suchith,7
LA Pomersbach & P Awana,7
RA Jadeja & RR Powar,7
K Kartikeya & KA Pollard,7
RG Sharma & SL Malinga,7
P Kumar & PP Chawla,7
AC Blizzard & RG Sharma,7
DT Christian & HV Patel,7
PR Shah & SD Chitnis,7
Joginder Sharma & S Badrinath,7
AJ Finch & RG Sharma,7
Jaskaran Singh & RP Singh,7
DJ Bravo & DJ Thornely,7
LMP Simmons & N Rana,7
AA Jhunjhunwala & DR Martyn,7
AM Nayar & DR Smith,7
LR Shukla & MN van Wyk,7
HV Patel & JR Hazlewood,7
M Manhas & MK Pandey,7
M Manhas & MF Maharoof,7
JJ Bumrah & TA Boult,7
EJG Morgan & LR Shukla,7
V Shankar & YK Pathan,7
Azhar Mahmood & Shakib Al Hasan,7
AK Markram & SN Khan,7
Arshad Khan & T Stubbs,7
JO Holder & SO Hetmyer,7
DJ Bravo & S Anirudha,7
Mohammad Asif & VY Mahesh,7
AJ Tye & R Tewatia,7
LA Carseldine & YK Pathan,7
MK Tiwary & Shoaib Malik,7
DH Yagnik & SK Warne,7
DJ Willey & KD Karthik,7
RK Singh & TG Southee,7
KB Arun Karthik & V Kohli,7
CV Varun & RK Singh,7
M Theekshana & Simarjeet Singh,7
Mustafizur Rahman & S Gopal,7
R Sharma & SB Wagh,7
Abhishek Sharma & Rashid Khan,7
JM Sharma & RR Rossouw,7
Abishek Porel & Sumit Kumar,7
K Rabada & SS Iyer,7
RR Pant & SW Billings,7
DS Kulkarni & Harbhajan Singh,7
B Kumar & MR Marsh,7
JC Buttler & RV Uthappa,7
JC Buttler & TA Boult,7
SO Hetmyer & V Kohli,7
TS Mills & YS Chahal,7
Bipul Sharma & RJ Harris,7
NM Coulter-Nile & Z Khan,6
N Wadhera & RG Sharma,6
AB de Villiers & D Wiese,6
AD Mascarenhas & SK Warne,6
DJ Hussey & Mashrafe Mortaza,6
R Tewatia & YBK Jaiswal,6
DJ Bravo & PR Shah,6
MK Tiwary & Mohammed Shami,6
AD Mathews & MK Pandey,6
A Zampa & DL Chahar,6
A Zampa & AB Dinda,6
DJ Hussey & MK Tiwary,6
MJ McClenaghan & Rasikh Salam,6
DAJ Bracewell & M Morkel,6
A Mithun & JJ van der Wath,6
DA Miller & MS Wade,6
MM Sharma & P Negi,6
D Salunkhe & M Rawat,6
R Tewatia & WP Saha,6
MS Wade & NV Ojha,6
TA Boult & UT Yadav,6
DB Ravi Teja & DNT Zoysa,6
DNT Zoysa & RP Singh,6
A Nortje & TU Deshpande,6
NV Ojha & RR Pant,6
DJ Hooda & V Shankar,6
MK Pandey & MN Samuels,6
A Nortje & Mustafizur Rahman,6
N Saini & P Kumar,6
AA Jhunjhunwala & B Chipli,6
DA Miller & LA Pomersbach,6
R Powell & RV Patel,6
JP Duminy & NM Coulter-Nile,6
I Sharma & Sandeep Sharma,6
CH Morris & V Shankar,6
AP Majumdar & SC Ganguly,6
KS Bharat & Shahbaz Ahmed,6
JJ Bumrah & Mustafizur Rahman,6
B Akhil & R Vinay Kumar,6
Harpreet Brar & Mohammed Shami,6
PP Shaw & SPD Smith,6
BCJ Cutting & JJ Bumrah,6
P Negi & UT Yadav,6
Kumar Kushagra & SD Hope,6
CH Morris & V Kohli,6
L Balaji & SB Jakati,6
AM Nayar & R Sharma,6
PP Chawla & RJ Harris,6
RT Ponting & WP Saha,6
LH Ferguson & RA Tripathi,6
CJ Ferguson & Harpreet Singh,6
CJ Jordan & DJ Bravo,6
LR Shukla & Shakib Al Hasan,6
AL Menaria & SW Tait,6
E Lewis & MK Pandey,6
AK Markram & M Shahrukh Khan,6
P Kumar & W Jaffer,6
B Kumar & RV Uthappa,6
M Ashwin & Mohammed Shami,6
BB Samantray & JP Duminy,6
AJ Turner & SPD Smith,6
AP Tare & Harbhajan Singh,6
AR Patel & F Behardien,6
IK Pathan & T Kohli,6
PA Patel & YS Chahal,6
BR Dunk & RG Sharma,6
Basil Thampi & YK Pathan,6
K Gowtham & KH Pandya,6
HH Pandya & R Vinay Kumar,6
K Gowtham & Ravi Bishnoi,6
K Rabada & PJ Cummins,6
Ravi Bishnoi & SS Cottrell,6
Bipul Sharma & SJ Srivastava,6
Anureet Singh & I Sharma,6
Anureet Singh & JD Unadkat,6
HV Patel & SM Curran,6
A Dananjaya & M Markande,6
AUK Pathan & TM Dilshan,6
KM Jadhav & SS Iyer,6
JP Duminy & KH Pandya,6
Arshad Khan & Naveen-ul-Haq,6
BJ Hodge & KK Nair,6
GJ Maxwell & Mandeep Singh,6
JM Bairstow & YK Pathan,6
PA Patel & S Dube,6
RP Singh & SL Malinga,6
GJ Maxwell & JDS Neesham,6
AS Rajpoot & UT Yadav,6
AS Joseph & R Tewatia,6
GD Phillips & HC Brook,6
KM Jadhav & R Vinay Kumar,6
AJ Turner & N Pooran,6
S Anirudha & SP Fleming,6
PP Ojha & WPUJC Vaas,6
M Morkel & MC Juneja,6
M Shahrukh Khan & RA Bawa,6
MA Starc & VR Iyer,6
CL White & RV Uthappa,6
DS Kulkarni & S Kaushik,6
BB McCullum & ER Dwivedi,6
B Sumanth & WPUJC Vaas,6
J Yadav & RD Chahar,6
AJ Finch & MK Tiwary,6
J Suchith & LMP Simmons,6
B Lee & MV Boucher,6
RE van der Merwe & Y Venugopal Rao,6
Imran Tahir & MJ Santner,6
KH Pandya & Yudhvir Singh,5
C de Grandhomme & S Dube,5
AB Dinda & RE van der Merwe,5
S Badrinath & WP Saha,5
AF Milne & S Aravind,5
AG Murtaza & B Kumar,5
Ashutosh Sharma & JM Sharma,5
Harbhajan Singh & RJ Peterson,5
AD Mathews & RV Gomez,5
AF Milne & JJ Bumrah,5
GJ Maxwell & LE Plunkett,5
SP Narine & Shakib Al Hasan,5
AG Murtaza & M Manhas,5
RS Bopara & SE Marsh,5
A Mishra & VY Mahesh,5
PJ Sangwan & SP Narine,5
KM Jadhav & NM Coulter-Nile,5
GD McGrath & Mohammad Asif,5
Mohammed Shami & RP Meredith,5
MK Pandey & Q de Kock,5
M Vijay & S Anirudha,5
JL Pattinson & RD Chahar,5
R Ashwin & S Dhawan,5
RP Singh & SB Bangar,5
GJ Bailey & IK Pathan,5
Harmeet Singh & LA Pomersbach,5
Harmeet Singh & JP Faulkner,5
Arshad Khan (2) & KH Pandya,5
S Sriram & Y Venugopal Rao,5
KD Karthik & SE Rutherford,5
MR Marsh & RV Uthappa,5
AB Agarkar & KM Jadhav,5
KB Arun Karthik & MC Henriques,5
A Mishra & JA Morkel,5
R Dhawan & Sandeep Sharma,5
JP Duminy & R McLaren,5
R Parag & R Powell,5
Ravi Bishnoi & Swapnil Singh,5
A Nehra & RR Raje,5
MS Dhoni & Washington Sundar,5
MS Gony & R Sathish,5
A Ashish Reddy & J Theron,5
AD Russell & Aman Hakim Khan,5
Bipul Sharma & DJ Hussey,5
AA Jhunjhunwala & GC Smith,5
RD Chahar & VG Arora,5
AA Jhunjhunwala & AD Mascarenhas,5
AB Agarkar & Iqbal Abdulla,5
Mandeep Singh & S Aravind,5
R Dhawan & RD Chahar,5
Mandeep Singh & S Badree,5
AS Yadav & WPUJC Vaas,5
A Badoni & Ravi Bishnoi,5
S Vidyut & SK Raina,5
DR Sams & Shahbaz Ahmed,5
C Sakariya & K Yadav,5
BJ Hodge & S Sreesanth,5
S Kaul & Sandeep Sharma,5
DJ Bravo & SN Thakur,5
UT Yadav & Washington Sundar,5
Iqbal Abdulla & Sachin Baby,5
A Zampa & Sandeep Sharma,5
B Sumanth & MR Marsh,5
KC Sangakkara & PP Chawla,5
H Klaasen & S Dube,5
NV Ojha & Rashid Khan,5
BCJ Cutting & Q de Kock,5
MN Samuels & PJ Cummins,5
NK Patel & T Henderson,5
IK Pathan & JP Faulkner,5
M Morkel & NV Ojha,5
DJ Willey & Mohammed Siraj,5
JA Morkel & MA Agarwal,5
A Chandila & SK Trivedi,5
Imran Tahir & MK Tiwary,5
BB Sran & NV Ojha,5
AL Menaria & SK Warne,5
CJ Jordan & Mukesh Choudhary,5
AL Menaria & PR Shah,5
DJG Sammy & S Anirudha,5
CJ Jordan & N Wadhera,5
AJ Finch & YK Pathan,5
IK Pathan & LRPL Taylor,5
BB Sran & KV Sharma,5
A Badoni & AJ Turner,5
B Kumar & Parvez Rasool,5
MK Lomror & Swapnil Singh,5
Dhruv Jurel & JO Holder,5
AJ Tye & KK Nair,5
R Bhatia & TM Dilshan,5
B Kumar & S Gopal,5
R Bhatia & TG Southee,5
M Ashwin & N Pooran,5
M Ashwin & P Simran Singh,5
DW Steyn & Navdeep Saini,5
DL Vettori & R Ninan,5
M Kaif & NK Patel,5
M Kartik & R Vinay Kumar,5
DW Steyn & GH Vihari,5
JD Unadkat & MK Lomror,5
DM Bravo & MK Pandey,5
CH Morris & PV Tambe,5
Kuldeep Yadav & Shivam Mavi,5
L Balaji & MG Johnson,5
I Sharma & WP Saha,5
KV Sharma & Parvez Rasool,5
AP Dole & M Morkel,5
Noor Ahmad & SH Johnson,5
Kuldeep Yadav & P Dubey,5
PP Shaw & SN Khan,5
KR Mayers & MP Stoinis,5
L Balaji & S Badrinath,5
B Chipli & S Sohal,5
AB de Villiers & LA Pomersbach,5
DS Lehmann & M Kaif,5
EJG Morgan & WP Saha,5
AJ Finch & KK Nair,5
Mohammed Shami & SS Iyer,5
DS Kulkarni & MA Khote,5
IK Pathan & S Nadeem,4
Iqbal Abdulla & WP Saha,4
RR Rossouw & RV Patel,4
JDS Neesham & SN Khan,4
Mandeep Singh & PP Chawla,4
A Nortje & I Sharma,4
Arshdeep Singh & Mohammed Shami,4
SPD Smith & TK Curran,4
N Rana & TG Southee,4
A Raghuvanshi & RK Singh,4
PJ Cummins & RA Tripathi,4
BAW Mendis & I Sharma,4
JP Faulkner & R Dravid,4
PP Chawla & Sunny Singh,4
Ankit Sharma & R Bhatia,4
Ankit Sharma & KK Nair,4
BA Stokes & JD Unadkat,4
Ankit Sharma & JP Duminy,4
B Kumar & V Shankar,4
JJ Roy & SP Narine,4
A Ashish Reddy & AA Jhunjhunwala,4
PP Chawla & Y Prithvi Raj,4
A Kumble & P Kumar,4
Arshdeep Singh & M Shahrukh Khan,4
R Sai Kishore & R Tewatia,4
I Udana & Washington Sundar,4
JA Morkel & KMDN Kulasekara,4
Harbhajan Singh & LMP Simmons,4
PP Chawla & RN ten Doeschate,4
Misbah-ul-Haq & P Kumar,4
B Kumar & IK Pathan,4
SPD Smith & SS Iyer,4
B Akhil & MV Boucher,4
Rashid Khan & Shakib Al Hasan,4
BB Sran & R Ashwin,4
Iqbal Abdulla & SP Narine,4
JA Morkel & KB Arun Karthik,4
BB Sran & MM Sharma,4
Harbhajan Singh & S Gopal,4
I Sharma & Shoaib Akhtar,4
HV Patel & RD Chahar,4
MV Boucher & YK Pathan,4
A Kumble & RV Uthappa,4
RV Uthappa & SS Tiwary,4
A Ashish Reddy & DW Steyn,4
AD Nath & P Negi,4
AS Roy & Rahmanullah Gurbaz,4
BA Stokes & MK Lomror,4
MA Starc & Yuvraj Singh,4
RJ Harris & Y Venugopal Rao,4
CJ Anderson & MN Samuels,4
MK Tiwary & TM Dilshan,4
M Shahrukh Khan & N Pooran,4
DS Kulkarni & JL Pattinson,4
MM Ali & Mandeep Singh,4
AG Paunikar & FY Fazal,4
CV Varun & M Prasidh Krishna,4
MG Johnson & Shivam Sharma,4
DR Sams & Ramandeep Singh,4
MA Agarwal & Washington Sundar,4
Kamran Khan & M Rawat,4
KV Sharma & PWH de Silva,4
Ankit Sharma & DJ Hooda,4
MM Patel & PP Ojha,4
KV Sharma & MS Dhoni,4
AM Rahane & R Parag,4
AN Ahmed & Yuvraj Singh,4
DPMD Jayawardene & J Theron,4
AR Patel & AT Carey,4
KMA Paul & TA Boult,4
AC Blizzard & AT Rayudu,4
LH Ferguson & N Rana,4
RJ Harris & SD Chitnis,4
CL White & DB Ravi Teja,4
M Morkel & PP Chawla,4
DT Christian & GJ Maxwell,4
MK Lomror & S Gopal,4
MK Lomror & SS Prabhudessai,4
AD Mascarenhas & YK Pathan,4
DT Christian & MS Dhoni,4
S Nadeem & Z Khan,4
MJ Santner & Simarjeet Singh,4
M Kaif & R Vinay Kumar,4
AJ Tye & BB Sran,4
LH Ferguson & RD Chahar,4
DW Steyn & R Dravid,4
M Ashwin & Mandeep Singh,4
DS Kulkarni & RA Jadeja,4
S Rana & WD Parnell,4
LS Livingstone & R Tewatia,4
Shubman Gill & TK Curran,4
MK Tiwary & R Ashwin,4
CJ Jordan & GJ Maxwell,4
AC Gilchrist & N Saini,4
R Rampaul & SS Tiwary,4
S Nadeem & Sandeep Sharma,4
A Nehra & PJ Sangwan,4
C Sakariya & JD Unadkat,4
SR Tendulkar & Z Khan,4
S Aravind & Z Khan,4
S Aravind & TS Mills,4
AB Agarkar & Shoaib Akhtar,4
CV Varun & Harbhajan Singh,4
H Klaasen & STR Binny,4
KB Arun Karthik & T Thushara,4
Abhishek Sharma & DJ Hooda,4
AB Agarkar & BAW Mendis,4
Q de Kock & S Dhawan,4
KA Jamieson & Navdeep Saini,4
K Rabada & VG Arora,4
K Rabada & SO Hetmyer,4
Bipul Sharma & PP Chawla,4
K Gowtham & STR Binny,4
DJ Hooda & MA Agarwal,4
MS Wade & Y Venugopal Rao,4
K Goel & S Sreesanth,4
PD Collingwood & V Sehwag,4
BW Hilfenhaus & M Manhas,4
P Awana & PP Chawla,4
Gurkeerat Singh & Mohammed Siraj,4
AD Mathews & M Kartik,4
GJ Maxwell & MP Stoinis,4
DPMD Jayawardene & K Goel,4
PA Patel & Q de Kock,4
GJ Maxwell & Harbhajan Singh,4
C de Grandhomme & TG Southee,4
DA Miller & F Behardien,4
A Nehra & DS Kulkarni,4
AB Dinda & R Sharma,4
MD Mishra & MJ Clarke,4
AT Rayudu & PP Ojha,4
R Ashwin & SB Jakati,4
AS Joseph & RD Chahar,4
A Mishra & KL Rahul,4
MR Marsh & R Powell,4
Shakib Al Hasan & V Shankar,4
AS Roy & VG Arora,4
C de Grandhomme & Mohammed Siraj,4
C de Grandhomme & MM Ali,4
AB Dinda & I Sharma,4
C Sakariya & Kuldeep Yadav,4
A Mishra & PJ Sangwan,4
PP Ojha & RP Singh,3
PP Ojha & S Gopal,3
P Kumar & RV Uthappa,3
Pankaj Singh & R Vinay Kumar,3
P Kumar & SJ Srivastava,3
P Sahu & SE Marsh,3
A Mishra & GH Vihari,3
A Nehra & RG More,3
A Nehra & S Dhawan,3
A Mishra & B Kumar,3
A Nehra & F du Plessis,3
A Nehra & S Nadeem,3
R McLaren & SE Marsh,3
P Parameswaran & RR Powar,3
A Nehra & AB Dinda,3
R Sharma & SPD Smith,3
PP Shaw & SO Hetmyer,3
R McLaren & R Sathish,3
A Nehra & B Kumar,3
Navdeep Saini & PA Patel,3
R Dravid & W Jaffer,3
Navdeep Saini & R Parag,3
A Kumble & KP Appanna,3
DB Das & SMSM Senanayake,3
L Balaji & MK Tiwary,3
CM Gautam & DPMD Jayawardene,3
LA Carseldine & SK Warne,3
LA Pomersbach & P Kumar,3
AM Nayar & PR Shah,3
IK Pathan & J Botha,3
CH Gayle & SM Curran,3
LS Livingstone & SPD Smith,3
AK Markram & GD Phillips,3
CH Morris & DJ Hooda,3
JO Holder & SP Narine,3
IK Pathan & R Ashwin,3
CJ Ferguson & MR Marsh,3
BA Stokes & F du Plessis,3
Sachin Baby & V Kohli,3
AJ Finch & AS Raut,3
SB Styris & VVS Laxman,3
J Arunkumar & V Kohli,3
SN Khan & SR Watson,3
CL White & Misbah-ul-Haq,3
AD Russell & DA Warner,3
AD Mathews & WD Parnell,3
MG Bracewell & Shahbaz Ahmed,3
JJ Bumrah & TH David,3
B Akhil & LRPL Taylor,3
L Balaji & T Thushara,3
CA Pujara & OA Shah,3
CA Ingram & PP Shaw,3
Gurkeerat Singh & S Dube,3
Rashid Khan & Sandeep Sharma,3
KD Karthik & TL Seifert,3
KH Pandya & MJ McClenaghan,3
KA Jamieson & Sachin Baby,3
Harpreet Brar & S Dhawan,3
BR Sharath & V Shankar,3
Bipul Sharma & SE Marsh,3
RR Powar & RV Gomez,3
KH Pandya & SL Malinga,3
Harpreet Singh & WD Parnell,3
AS Rajpoot & MM Sharma,3
AM Nayar & STR Binny,3
C Sakariya & CH Morris,3
Ankit Sharma & I Sharma,3
S Badrinath & S Randiv,3
AR Patel & Yuvraj Singh,3
C de Grandhomme & CA Lynn,3
JR Hazlewood & Shahbaz Ahmed,3
AR Patel & AS Rajpoot,3
SS Prabhudessai & WD Parnell,3
SPD Smith & WD Parnell,3
AM Rahane & JC Archer,3
MG Johnson & Sandeep Sharma,3
DT Christian & KA Jamieson,3
BJ Hodge & KM Jadhav,3
JD Unadkat & M Kartik,3
Mohammed Shami & RR Pant,3
DH Yagnik & JP Faulkner,3
MP Stoinis & Washington Sundar,3
DJ Muthuswami & Imran Tahir,3
AB Dinda & BAW Mendis,3
AB Dinda & B Kumar,3
S Kaul & YK Pathan,3
D Padikkal & RM Patidar,3
D Padikkal & S Dube,3
JA Morkel & MA Starc,3
B Lee & LR Shukla,3
DJ Hussey & PC Valthaty,3
JD Unadkat & Ravi Bishnoi,3
JD Unadkat & R Vinay Kumar,3
AA Noffke & CL White,3
DJ Hooda & Mohsin Khan,3
Mandeep Singh & Mohammed Shami,3
JD Unadkat & MA Wood,3
DA Miller & S Gopal,3
DJ Hooda & K Gowtham,3
Mohammad Ashraful & SR Tendulkar,3
J Yadav & P Negi,3
RA Jadeja & Sameer Rizvi,3
DL Vettori & S Aravind,3
B Kumar & BAW Mendis,3
DR Martyn & MJ Lumb,3
B Akhil & Pankaj Singh,3
JC Archer & T Stubbs,3
MJ Santner & N Jagadeesan,3
AD Mathews & CH Gayle,3
MK Pandey & RV Patel,3
SO Hetmyer & SPD Smith,3
CRD Fernando & SL Malinga,3
DH Yagnik & J Botha,3
JE Taylor & NL McCullum,3
MK Tiwary & WD Parnell,3
B Kumar & R Shepherd,3
B Lee & KC Sangakkara,3
DP Nannes & UT Yadav,3
Mohammed Shami & SP Narine,3
MM Ali & N Jagadeesan,3
DP Nannes & S Ladda,3
MM Sharma & Sandeep Sharma,3
Mohammad Hafeez & RT Ponting,3
Harpreet Singh & MK Pandey,2
JA Richardson & T Stubbs,2
PR Shah & Z Khan,2
Harpreet Singh & K Rabada,2
BJ Hodge & DB Das,2
J Syed Mohammad & R Rampaul,2
Harshit Rana & Shivam Mavi,2
A Kumble & LRPL Taylor,2
BCJ Cutting & JP Duminy,2
I Sharma & MM Sharma,2
I Udana & S Dube,2
JA Morkel & M Muralitharan,2
BB Sran & RD Chahar,2
BB McCullum & YK Pathan,2
BB McCullum & MEK Hussey,2
Iqbal Abdulla & L Balaji,2
J Theron & STR Binny,2
J Syed Mohammad & V Kohli,2
Harbhajan Singh & P Kumar,2
B Sai Sudharsan & KS Williamson,2
B Sai Sudharsan & BR Sharath,2
I Sharma & KV Sharma,2
UT Yadav & Y Nagar,2
Harbhajan Singh & MJ Santner,2
DW Steyn & YS Chahal,2
DS Kulkarni & SB Jakati,2
A Chandila & DH Yagnik,2
DS Kulkarni & KW Richardson,2
SB Jakati & T Thushara,2
CR Brathwaite & Q de Kock,2
R Dhawan & Sikandar Raza,2
R Dhawan & V Sehwag,2
CR Woakes & YK Pathan,2
CRD Fernando & VS Yeligati,2
DP Vijaykumar & PM Sarvesh Kumar,2
DL Vettori & M Kaif,2
S Narwal & SW Tait,2
D Wiese & HV Patel,2
DA Miller & GD Phillips,2
DA Miller & MG Johnson,2
DA Miller & NS Naik,2
DJ Hooda & JO Holder,2
DA Miller & SN Thakur,2
DB Das & JH Kallis,2
R Parag & T Kohler-Cadmore,2
DB Ravi Teja & MS Gony,2
DB Das & WP Saha,2
DB Das & Umar Gul,2
DW Steyn & Y Venugopal Rao,2
CJ Jordan & TH David,2
A Kumble & DW Steyn,2
CJ Jordan & Ravi Bishnoi,2
BMAJ Mendis & DA Warner,2
BMAJ Mendis & MC Juneja,2
S Aravind & SR Watson,2
A Kumble & B Akhil,2
C Green & Mohammed Siraj,2
S Aravind & V Kohli,2
A Kamboj & PP Chawla,2
S Badree & TS Mills,2
A Dananjaya & HH Pandya,2
C Sakariya & DA Miller,2
C de Grandhomme & Gurkeerat Singh,2
C de Grandhomme & Washington Sundar,2
GJ Bailey & R Bhatia,2
GHS Garton & HV Patel,2
JC Archer & RA Tripathi,2
GD Phillips & H Klaasen,2
GC Smith & NK Patel,2
GB Hogg & OA Shah,2
G Gambhir & R Bhatia,2
G Coetzee & HH Pandya,2
F du Plessis & MG Bracewell,2
F Behardien & Gurkeerat Singh,2
EJG Morgan & LH Ferguson,2
JC Archer & PP Chawla,2
PJ Sangwan & SA Yadav,2
B Laughlin & DS Kulkarni,2
M Morkel & SP Narine,2
OA Shah & WP Saha,2
MG Johnson & PP Chawla,2
RD Chahar & TA Boult,2
MD Mishra & WD Parnell,2
MC Juneja & V Sehwag,2
AD Russell & M Prasidh Krishna,2
AF Milne & STR Binny,2
AJ Finch & DR Smith,2
M Shahrukh Khan & RD Chahar,2
M Rawat & Pankaj Singh,2
M Ntini & SK Raina,2
M Kartik & SE Bond,2
KM Jadhav & NLTC Perera,2
P Kumar & SD Chitnis,2
M Kartik & R Sharma,2
LRPL Taylor & STR Binny,2
LR Shukla & Yashpal Singh,2
A Manohar & Shubman Gill,2
RJ Gleeson & TU Deshpande,2
A Mishra & S Nadeem,2
Kuldeep Yadav & M Prasidh Krishna,2
Kartik Tyagi & VR Aaron,2
Kamran Khan & SK Warne,2
KS Williamson & NV Ojha,2
MG Johnson & R Dhawan,2
A Mithun & M Kaif,2
MJ Guptill & PA Patel,2
A Mithun & R Vinay Kumar,2
UT Yadav & V Kohli,2
A Nortje & Rasikh Salam,2
A Singh & MM Patel,2
A Nehra & UT Yadav,2
NM Coulter-Nile & R Parag,2
Mohammed Shami & R Shukla,2
NS Naik & PJ Cummins,2
AA Jhunjhunwala & DT Christian,2
MS Dhoni & UT Khawaja,2
MS Dhoni & Simarjeet Singh,2
AB Agarkar & Mashrafe Mortaza,2
AB Barath & Yuvraj Singh,2
MS Bisla & Shakib Al Hasan,2
AB Dinda & M Kartik,2
AB Dinda & Shoaib Akhtar,2
A Nehra & CRD Fernando,2
A Nehra & BB Sran,2
AB de Villiers & Navdeep Saini,2
AB de Villiers & VH Zol,2
MK Tiwary & SP Goswami,2
MK Tiwary & MV Boucher,2
AC Thomas & M Kartik,2
AC Voges & SK Warne,2
AR Patel & Kumar Kushagra,2
LR Shukla & SE Bond,2
A Mishra & R Bhatia,2
B Akhil & DW Steyn,2
JP Faulkner & KK Nair,2
A Mishra & DB Ravi Teja,2
KL Nagarkoti & Shivam Mavi,2
Arjun Tendulkar & N Wadhera,2
RR Rossouw & V Kohli,2
R Shepherd & Tilak Varma,2
JO Holder & PK Garg,2
RR Rossouw & YV Takawale,2
JM Sharma & NT Ellis,2
JJ Roy & SK Raina,2
V Kohli & VH Zol,2
Jaskaran Singh & RJ Harris,2
JJ Bumrah & SZ Mulani,2
JJ Bumrah & PP Chawla,2
JH Kallis & RE van der Merwe,2
PK Garg & Sandeep Sharma,2
JDS Neesham & R Ashwin,2
JDS Neesham & KP Pietersen,2
JD Unadkat & S Nadeem,2
JD Ryder & SP Goswami,2
B Kumar & JD Unadkat,2
JC Buttler & KH Pandya,2
Jaskaran Singh & PP Ojha,2
JP Faulkner & KK Cooper,2
Ankit Sharma & CL White,2
Abdul Samad & JJ Roy,2
AS Rajpoot & DP Nannes,2
SR Watson & Vishnu Vinod,2
AS Rajpoot & R Ashwin,2
KK Ahmed & Mujeeb Ur Rahman,2
RP Singh & TL Suman,2
AS Raut & P Dogra,2
KH Pandya & PVD Chameera,2
KH Pandya & Naveen-ul-Haq,2
A Mishra & KMA Paul,2
KH Pandya & NM Coulter-Nile,2
AT Rayudu & MJ Santner,2
K Rabada & KK Nair,2
AUK Pathan & SS Tiwary,2
Abdul Basith & Dhruv Jurel,2
AT Rayudu & R Dhawan,2
Abdul Samad & WP Saha,2
Abhishek Sharma & B Kumar,2
Abhishek Sharma & Mohammad Nabi,2
KA Maharaj & SO Hetmyer,2
KA Pollard & MG Johnson,2
TM Dilshan & VY Mahesh,1
R Vinay Kumar & S Sreesanth,1
RR Raje & SS Tiwary,1
RD Chahar & SS Tiwary,1
R Vinay Kumar & SP Narine,1
S Gopal & VR Aaron,1
R Vinay Kumar & RP Singh,1
R Shukla & S Sreesanth,1
Shahid Afridi & Y Venugopal Rao,1
RA Jadeja & SB Jakati,1
S Nadeem & TA Boult,1
S Nadeem & VR Aaron,1
RD Chahar & S Dhawan,1
RE van der Merwe & UT Yadav,1
S Tyagi & SB Jakati,1
RA Tripathi & Shakib Al Hasan,1
RA Jadeja & SK Trivedi,1
SR Watson & VR Aaron,1
R Shepherd & Umran Malik,1
RV Uthappa & UT Yadav,1
V Shankar & WP Saha,1
SB Bangar & WPUJC Vaas,1
S Narwal & SK Warne,1
SA Asnodkar & Sohail Tanvir,1
HV Patel & P Parameswaran,1
R McLaren & Z Khan,1
Harmeet Singh & RG Sharma,1
G Coetzee & JJ Bumrah,1
GC Smith & M Rawat,1
GC Smith & SK Warne,1
GD McGrath & VY Mahesh,1
GJ Maxwell & MA Agarwal,1
Gurkeerat Singh & I Udana,1
R Dhawan & Shivam Sharma,1
Gurkeerat Singh & MS Gony,1
Gurkeerat Singh & Swapnil Singh,1
H Klaasen & P Negi,1
HV Patel & Harpreet Singh,1
HV Patel & KS Bharat,1
HV Patel & KW Richardson,1
HV Patel & M Muralitharan,1
Harbhajan Singh & KV Sharma,1
F du Plessis & P Negi,1
EJG Morgan & NS Naik,1
DW Steyn & UT Yadav,1
DM Bravo & G Gambhir,1
DJ Hooda & S Kaul,1
DJ Hooda & STR Binny,1
DJ Willey & V Kohli,1
DL Chahar & MJ Santner,1
DL Chahar & MS Dhoni,1
DL Vettori & RR Bhatkal,1
DPMD Jayawardene & R Vinay Kumar,1
DS Kulkarni & RP Singh,1
DPMD Jayawardene & TM Srivastava,1
DR Sams & JD Unadkat,1
DR Smith & RJ Peterson,1
DR Smith & SL Malinga,1
DS Kulkarni & JD Unadkat,1
DS Kulkarni & KD Karthik,1
Harbhajan Singh & RP Singh,1
Harpreet Brar & R Dhawan,1
Karanveer Singh & MG Johnson,1
I Sharma & M Vohra,1
JO Holder & RV Uthappa,1
JR Hopes & LA Pomersbach,1
JR Philippe & S Dube,1
Joginder Sharma & T Thushara,1
K Upadhyay & Parvez Rasool,1
KA Jamieson & Mohammed Siraj,1
KA Pollard & MJ McClenaghan,1
KA Pollard & Z Khan,1
KAJ Roach & RP Singh,1
KD Karthik & NLTC Perera,1
KD Karthik & PP Ojha,1
KD Karthik & Q de Kock,1
KH Pandya & KV Sharma,1
KM Jadhav & MK Pandey,1
KMA Paul & S Dhawan,1
JM Sharma & OF Smith,1
JM Kemp & S Badrinath,1
JJ Bumrah & SS Tiwary,1
J Suchith & SS Iyer,1
I Sharma & Umar Gul,1
I Udana & Navdeep Saini,1
IK Pathan & WA Mota,1
J Botha & PP Chawla,1
J Botha & SK Warne,1
J Suchith & S Gopal,1
J Yadav & KA Pollard,1
JJ Bumrah & S Gopal,1
JA Morkel & SB Jakati,1
JC Archer & MK Lomror,1
JC Archer & TH David,1
JDS Neesham & KA Pollard,1
JE Root & SV Samson,1
JJ Bumrah & PP Ojha,1
DJ Hooda & PN Mankad,1
DH Yagnik & KK Cooper,1
DB Das & Mohammad Hafeez,1
DA Warner & SP Goswami,1
AC Gilchrist & P Dogra,1
AD Mathews & MN Samuels,1
AD Russell & Harbhajan Singh,1
AF Milne & S Badree,1
AG Paunikar & NV Ojha,1
AJ Tye & AR Patel,1
AJ Tye & Basil Thampi,1
AM Rahane & RR Raje,1
AN Ahmed & YS Chahal,1
AN Ghosh & Yashpal Singh,1
AP Tare & SS Tiwary,1
AP Tare & SV Samson,1
AR Bawne & PJ Cummins,1
AR Patel & KC Cariappa,1
AR Patel & PK Garg,1
AB de Villiers & R Rampaul,1
AB de Villiers & MF Maharoof,1
AB Dinda & M Manhas,1
A Nehra & MM Sharma,1
A Chandila & S Sreesanth,1
A Chandila & SW Tait,1
A Kamboj & Tilak Varma,1
A Kumble & V Kohli,1
A Mishra & AD Mathews,1
A Nehra & IK Pathan,1
A Nehra & R Sharma,1
AB Dinda & Imran Tahir,1
A Nortje & Lalit Yadav,1
A Singh & J Botha,1
A Singh & SK Warne,1
AA Bilakhia & TL Suman,1
AB Agarkar & I Sharma,1
AB Agarkar & MC Henriques,1
AS Yadav & RP Singh,1
AT Rayudu & DJ Bravo,1
AT Rayudu & SL Malinga,1
CH Gayle & R Rampaul,1
BCJ Cutting & SV Samson,1
BR Dunk & CJ Anderson,1
Bipul Sharma & MC Henriques,1
C de Grandhomme & M Ashwin,1
CA Ingram & HV Patel,1
CA Ingram & V Sehwag,1
CH Morris & DS Kulkarni,1
B Lee & S Sreesanth,1
CJ Jordan & NV Ojha,1
CJ Jordan & PP Chawla,1
CV Varun & Rasikh Salam,1
D Ferreira & R Powell,1
DA Miller & SPD Smith,1
DA Warner & Kuldeep Yadav,1
BCJ Cutting & RG Sharma,1
B Lee & RS Bopara,1
Abhishek Sharma & N Pooran,1
B Chipli & I Sharma,1
Ankit Sharma & B Chipli,1
Anuj Rawat & C Green,1
Anuj Rawat & S Dube,1
Anureet Singh & GJ Bailey,1
Anureet Singh & MG Johnson,1
Atharva Taide & Harpreet Singh,1
B Kumar & BB Sran,1
B Kumar & T Natarajan,1
B Kumar & Basil Thampi,1
B Kumar & DW Steyn,1
B Kumar & MK Pandey,1
B Kumar & Mohammad Nabi,1
B Kumar & Mujeeb Ur Rahman,1
B Kumar & PJ Cummins,1
KP Pietersen & MV Boucher,1
Gurkeerat Singh & KJ Abbott,1
Mohammad Nabi & Rashid Khan,1
MA Starc & SN Khan,1
MN van Wyk & SC Ganguly,1
MM Sharma & Mujeeb Ur Rahman,1
MM Patel & YK Pathan,1
MK Pandey & SN Khan,1
MK Lomror & RJW Topley,1
MK Lomror & Mayank Dagar,1
MJ McClenaghan & PA Patel,1
MD Shanaka & Mohammed Shami,1
MA Agarwal & R Vinay Kumar,1
MR Marsh & Sandeep Sharma,1
M Vijay & MK Tiwary,1
M Theekshana & MS Dhoni,1
M Prasidh Krishna & PJ Cummins,1
M Muralitharan & S Tyagi,1
M Muralitharan & RP Singh,1
M Manhas & PJ Sangwan,1
LR Shukla & SMSM Senanayake,1
LH Ferguson & Mohammed Siraj,1
MR Marsh & PP Shaw,1
MS Bisla & SMSM Senanayake,1
LA Pomersbach & Sandeep Sharma,1
P Negi & V Sehwag,1
R Ashwin & SM Curran,1
R Ashwin & SK Raina,1
PV Tambe & SK Trivedi,1
PP Ojha & Shoaib Ahmed,1
PP Chawla & TH David,1
PJ Sangwan & S Ladda,1
PJ Cummins & Shubman Gill,1
P Negi & Washington Sundar,1
P Negi & TG Southee,1
MV Boucher & R Bhatia,1
P Kumar & RA Jadeja,1
P Dogra & SK Warne,1
NL McCullum & R Sharma,1
N Jagadeesan & SP Narine,1
N Jagadeesan & S Dube,1
Mohsin Khan & Naveen-ul-Haq,1
Mohammed Shami & V Shankar,1
Mandeep Singh & RR Pant,1
LE Plunkett & SS Iyer,1
YV Takawale & Yuvraj Singh,1
LA Pomersbach & PP Chawla,1
L Balaji & M Muralitharan,1
Karanveer Singh & Sandeep Sharma,1
JP Behrendorff & RP Meredith,0
AS Rajpoot & Kartik Tyagi,0
AS Roy & Harshit Rana,0
AS Roy & MA Starc,0
RP Singh & S Sreesanth,0
AS Yadav & SB Styris,0
AS Yadav & Shahid Afridi,0
KL Rahul & R Ashwin,0
KK Ahmed & T Natarajan,0
Abdul Samad & JM Bairstow,0
P Awana & RJ Harris,0
Aman Hakim Khan & Kuldeep Yadav,0
Anirudh Singh & MD Mishra,0
OF Smith & RD Chahar,0
Ankit Sharma & DB Ravi Teja,0
Ankit Sharma & M Ashwin,0
Ankit Sharma & TP Sudhindra,0
Noor Ahmad & V Shankar,0
AS Raut & SR Watson,0
AS Joseph & Yash Dayal,0
Navdeep Saini & UT Yadav,0
AS Joseph & DA Miller,0
AK Markram & FA Allen,0
AL Menaria & S Sreesanth,0
AM Nayar & DJ Thornely,0
AM Nayar & KK Nair,0
AM Nayar & P Dogra,0
AM Nayar & Yuvraj Singh,0
AM Rahane & DS Kulkarni,0
PJ Cummins & RN ten Doeschate,0
AM Rahane & SP Goswami,0
PJ Cummins & RK Singh,0
PA Reddy & Q de Kock,0
PA Patel & Yuvraj Singh,0
PA Patel & RV Gomez,0
RP Singh & RR Powar,0
AR Patel & DR Sams,0
P Negi & VR Aaron,0
RP Singh & RV Gomez,0
Naveen-ul-Haq & Ravi Bishnoi,0
Naman Dhir & SA Yadav,0
KM Asif & Sandeep Sharma,0
Arshad Khan & KL Rahul,0
B Kumar & Shashank Singh,0
SN Thakur & Washington Sundar,0
KH Pandya & Swapnil Singh,0
B Laughlin & S Gopal,0
R Vinay Kumar & Shakib Al Hasan,0
B Lee & S Sohal,0
Mustafizur Rahman & R Tewatia,0
B Lee & SE Marsh,0
B Sai Sudharsan & Rashid Khan,0
SMSM Senanayake & YK Pathan,0
B Sumanth & Harmeet Singh,0
BA Stokes & M Vohra,0
BB Samantray & PA Patel,0
BB Sran & Bipul Sharma,0
R Vinay Kumar & YK Pathan,0
Mukesh Kumar & RR Pant,0
BMAJ Mendis & V Sehwag,0
B Kumar & S Nadeem,0
KK Ahmed & Kuldeep Yadav,0
N Rana & SW Billings,0
B Akhil & V Kohli,0
Arshdeep Singh & JM Sharma,0
Arshdeep Singh & K Rabada,0
Arshdeep Singh & OF Smith,0
Arshdeep Singh & Ravi Bishnoi,0
NM Coulter-Nile & SV Samson,0
Avesh Khan & Ravi Bishnoi,0
Avesh Khan & S Lamichhane,0
B Chipli & BJ Rohrer,0
N Rana & UT Yadav,0
NLTC Perera & RV Gomez,0
R Vinay Kumar & RR Bhatkal,0
SP Jackson & Shivam Mavi,0
SP Jackson & SW Billings,0
R Vinay Kumar & RR Powar,0
KK Ahmed & Sandeep Sharma,0
NK Patel & NV Ojha,0
PJ Cummins & SP Jackson,0
AJ Finch & SP Narine,0
AJ Finch & TL Suman,0
A Nehra & S Kaul,0
A Nortje & C Sakariya,0
A Nortje & KK Ahmed,0
PV Tambe & S Kaushik,0
A Nortje & R Ashwin,0
A Nortje & RR Pant,0
A Singh & GB Hogg,0
R Sanjay Yadav & Ramandeep Singh,0
A Singh & SK Trivedi,0
KM Jadhav & SM Curran,0
A Symonds & AC Blizzard,0
A Tomar & VR Iyer,0
A Uniyal & AD Mascarenhas,0
A Zampa & R Bhatia,0
PP Ojha & RG Sharma,0
AA Chavan & GB Hogg,0
AA Jhunjhunwala & CJ Ferguson,0
AA Jhunjhunwala & S Narwal,0
A Nortje & Abishek Porel,0
Kartik Tyagi & Mustafizur Rahman,0
Basil Thampi & JP Faulkner,0
PVD Chameera & Ravi Bishnoi,0
A Badoni & PVD Chameera,0
A Badoni & Yudhvir Singh,0
A Chandila & OA Shah,0
R Bishnoi & R Dravid,0
R Bhatia & VY Mahesh,0
A Choudhary & S Badree,0
R Bhatia & V Sehwag,0
A Kumble & A Mithun,0
KR Sen & M Prasidh Krishna,0
A Kumble & Z Khan,0
A Mishra & CL White,0
A Mishra & DT Christian,0
A Mishra & IK Pathan,0
A Mishra & Y Nagar,0
A Mithun & DL Vettori,0
A Mukund & MS Gony,0
PWH de Silva & Sachin Baby,0
AB Agarkar & AB Dinda,0
KM Jadhav & Rashid Khan,0
PP Chawla & SZ Mulani,0
AB Agarkar & S Nadeem,0
AD Mathews & MA Agarwal,0
PK Garg & T Natarajan,0
AD Mathews & R Sharma,0
AD Nath & DW Steyn,0
AD Nath & KD Karthik,0
AD Russell & AS Roy,0
PK Garg & Rashid Khan,0
AD Russell & Kuldeep Yadav,0
AF Milne & KA Pollard,0
AF Milne & KM Jadhav,0
AF Milne & RD Chahar,0
PJ Sangwan & VY Mahesh,0
AF Milne & TA Boult,0
Sandeep Sharma & VR Aaron,0
Kartik Tyagi & Shashank Singh,0
AJ Finch & AT Rayudu,0
AJ Finch & JR Philippe,0
Shivam Mavi & TG Southee,0
Shivam Mavi & TK Curran,0
Shoaib Ahmed & TL Suman,0
AB de Villiers & CH Morris,0
AB Agarkar & Y Nagar,0
AB Dinda & AD Mathews,0
PP Chawla & RS Bopara,0
T Stubbs & Tilak Varma,0
R Sharma & RJ Harris,0
AB Dinda & MK Pandey,0
AB Dinda & YS Chahal,0
R Sharma & RV Uthappa,0
Shoaib Ahmed & WPUJC Vaas,0
PN Mankad & Ravi Bishnoi,0
AC Gilchrist & LA Pomersbach,0
PK Garg & V Shankar,0
AC Thomas & R Sharma,0
AD Mascarenhas & Gurkeerat Singh,0
AD Mathews & AM Nayar,0
Shoaib Ahmed & Y Venugopal Rao,0
KH Pandya & Ravi Bishnoi,0
Mohammed Siraj & UT Yadav,0
Basil Thampi & WP Saha,0
HH Pandya & Yuvraj Singh,0
K Gowtham & Q de Kock,0
RR Powar & TM Srivastava,0
M Shahrukh Khan & NT Ellis,0
M Rawat & MM Patel,0
HV Patel & MG Bracewell,0
HV Patel & SA Abbott,0
Rasikh Salam & Sumit Kumar,0
HV Patel & STR Binny,0
M Prasidh Krishna & Shivam Mavi,0
Harbhajan Singh & NLTC Perera,0
RK Bhui & T Stubbs,0
Harmeet Singh & PP Ojha,0
Rashid Khan & SP Goswami,0
JR Philippe & Washington Sundar,0
Harmeet Singh & RJ Harris,0
Harmeet Singh & RP Singh,0
L Ronchi & RV Uthappa,0
HR Shokeen & JJ Bumrah,0
HH Pandya & JC Buttler,0
MF Maharoof & V Sehwag,0
M Vijay & PA Patel,0
G Coetzee & PP Chawla,0
GB Hogg & UT Yadav,0
MD Shanaka & Noor Ahmad,0
L Balaji & SK Raina,0
MD Shanaka & MM Sharma,0
GH Vihari & HV Patel,0
GH Vihari & K Rabada,0
GHS Garton & KS Bharat,0
MD Mishra & MK Pandey,0
L Balaji & SP Narine,0
MA Starc & S Aravind,0
Gurkeerat Singh & M Vohra,0
K Kartikeya & PP Chawla,0
M Vohra & P Kumar,0
H Klaasen & JC Archer,0
H Klaasen & JC Buttler,0
H Klaasen & MP Stoinis,0
Harpreet Singh & LS Livingstone,0
Harshit Rana & UT Yadav,0
M Muralitharan & MS Gony,0
M Morkel & S Nadeem,0
JDP Oram & SB Jakati,0
LPC Silva & RG Sharma,0
JDS Neesham & SA Yadav,0
LH Ferguson & SN Thakur,0
JJ Bumrah & M Ashwin,0
RJ Harris & RP Singh,0
JJ Bumrah & RP Meredith,0
LH Ferguson & R Tewatia,0
JJ Bumrah & SA Yadav,0
RT Ponting & SC Ganguly,0
JP Duminy & RG Sharma,0
JJ Bumrah & TS Mills,0
JJ van der Wath & V Kohli,0
JL Denly & Shubman Gill,0
LH Ferguson & M Prasidh Krishna,0
JP Duminy & L Ronchi,0
JO Holder & KL Rahul,0
JD Unadkat & Washington Sundar,0
JC Buttler & JD Unadkat,0
JP Duminy & V Pratap Singh,0
M Manhas & TD Paine,0
M Morkel & RE van der Merwe,0
IC Pandey & M Manhas,0
M Morkel & MM Patel,0
IR Jaggi & KC Sangakkara,0
Iqbal Abdulla & TS Mills,0
Iqbal Abdulla & YS Chahal,0
M Markande & PJ Sangwan,0
J Fraser-McGurk & SD Hope,0
M Ashwin & Mujeeb Ur Rahman,0
J Suchith & R Shepherd,0
RV Uthappa & TD Paine,0
J Suchith & R Vinay Kumar,0
M Jansen & RD Chahar,0
J Theron & PP Chawla,0
M Jansen & PJ Cummins,0
M Ashwin & TS Mills,0
MD Shanaka & Rashid Khan,0
F du Plessis & N Jagadeesan,0
RR Rossouw & SN Khan,0
CJ Anderson & Mandeep Singh,0
KS Williamson & RK Bhui,0
KH Pandya & M Jansen,0
CK Kapugedera & S Badrinath,0
CK Langeveldt & WP Saha,0
CL White & W Jaffer,0
CM Gautam & Harbhajan Singh,0
Kuldeep Yadav & RR Pant,0
MS Dhoni & RV Uthappa,0
D Padikkal & Gurkeerat Singh,0
KH Pandya & KS Sharma,0
KD Karthik & Vijaykumar Vyshak,0
DA Warner & Mandeep Singh,0
Kuldeep Yadav & RV Patel,0
MP Stoinis & R Shepherd,0
DB Ravi Teja & PP Ojha,0
DB Ravi Teja & SB Bangar,0
DG Nalkande & Rashid Khan,0
CJ Anderson & V Kohli,0
CJ Anderson & Harbhajan Singh,0
MJ Clarke & MK Pandey,0
CH Morris & SW Billings,0
SK Warne & SW Tait,0
C Munro & GJ Maxwell,0
C Nanda & Harbhajan Singh,0
C Sakariya & Mustafizur Rahman,0
C Sakariya & S Gopal,0
C de Grandhomme & IR Jaggi,0
Mohammed Siraj & PWH de Silva,0
C de Grandhomme & P Negi,0
CA Ingram & CH Morris,0
Mohammed Siraj & PA Patel,0
RR Bhatkal & V Kohli,0
CA Pujara & RR Bhatkal,0
Mohammed Shami & Ravi Bishnoi,0
CH Morris & D Padikkal,0
Mohammed Shami & PJ Cummins,0
CH Morris & R Bhatia,0
CH Morris & S Gopal,0
Kuldeep Yadav & Shubman Gill,0
DJ Bravo & P Kumar,0
DJ Hooda & Naveen-ul-Haq,0
MN Samuels & RR Pant,0
S Ladda & UT Yadav,0
DR Sams & HR Shokeen,0
L Balaji & R Ashwin,0
DR Sams & KA Jamieson,0
DR Shorey & MS Dhoni,0
MK Pandey & R Sharma,0
KA Pollard & RJ Peterson,0
S Gopal & SPD Smith,0
DR Smith & SM Pollock,0
DR Smith & YV Takawale,0
S Dube & Sameer Rizvi,0
L Balaji & R Dhawan,0
DS Kulkarni & JP Faulkner,0
MJ Santner & MM Ali,0
KA Pollard & M Jansen,0
MJ Lumb & S Sohal,0
E Lewis & KH Pandya,0
S Nadeem & SP Goswami,0
RA Tripathi & Shahbaz Ahmed,0
MK Tiwary & SN Thakur,0
S Sreesanth & U Kaul,0
DJ Hooda & PVD Chameera,0
DJ Hooda & Rashid Khan,0
RA Jadeja & T Henderson,0
MM Sharma & V Shankar,0
DJ Hooda & Sandeep Sharma,0
DJ Hussey & RA Jadeja,0
S Sreesanth & VRV Singh,0
S Sreesanth & SJ Srivastava,0
DP Vijaykumar & RP Singh,0
DJ Jacobs & RE Levi,0
Kumar Kushagra & T Stubbs,0
MM Patel & SL Malinga,0
DL Chahar & TU Deshpande,0
DL Vettori & R Vinay Kumar,0
MM Patel & RP Singh,0
MK Tiwary & SP Narine,0
KW Richardson & R Bhatia,0
